FILE NUMBER,ENTITY NAME
6900302,"AG SONGDO FUNDS MEMBER, L.L.C."
3845330,"AG/SONGY VININGS, L.L.C."
581906,AN-SON CORPORATION
791659,AN-SON TRANSPORTATION COMPANY
2928494,C.A. SONIER CORP.
6573586,"SON 2 EQUITY, LLC"
6859943,"SON 3 EQUITY, LLC"
7151330,"SON 4 EQUITY, LLC"
7433500,"SON 5 EQUITY, LLC"
5693537,SONAA CONSULTING LLC
6244242,SONA ASSET MANAGEMENT (US) LLC
4475986,SONA AUTOCOMP USA LLC
2436774,"SONAB HOLDINGS, INC."
2442789,"SONAB INTERNATIONAL, INC."
6139858,SONA BLW DRIVELINE LLC
5574722,"SONABOS TECHNOLOGIES, INC."
6250569,"SONA CAPITAL, LLC"
4180320,"SONA CAPITAL, LLC"
4567061,"SONACARE MEDICAL, LLC"
5830604,SONACA USA INC.
2647486,SONA COMMUNICATIONS CORPORATION
3662062,"SONA CONSULTING, INC."
3329431,SONA CORPORATE SERVICES INC.
7495384,SONA CORPORATION
3414065,SONA CORPORATION
7266841,SONA CREDIT FUND LP
4757232,SONAC USA LLC
5813118,SONADIER INC.
6641858,SONADORA INC.
2266855,SONADOR LTD.
6044113,SONAE OVERSEAS CAPITAL LLC
4146282,SONA FINANCIAL LLC
3546753,SONA FOOD PRODUCTS CO.
4790761,SONA HEARING LLC
3791600,SONA HOLDINGS LLC
3488560,SONAIA LLC
2125004,SONA IMPORTS INC.
6216181,SONA INDUSTRIES LLC
2693483,"SONA INVESTMENT PARTNERSHIP, LIMITED PARTNERSHIP"
5288360,SONA INVESTMENTS LLC
688221,"SONAIRE ENTERPRISES, INC."
899459,"SONAIRE EQUIPMENT COMPANY, INC."
570309,"SONAIRE SANITATION, INC."
2228617,"SONAIR, INC."
5017706,"SONAIR INTERNATIONAL PROCUREMENT, LLC"
4641181,"SONAIR USA, LLC"
2967256,"SONAJACK, LLC"
4044251,SONAK MANAGEMENT LLC
3656742,SONAKO INTERNATIONAL REAL ESTATE SERVICES INCORPORATED
4723854,"SONA LA, L.L.C."
3379514,"SON OF SAM'S TRUCKING, INC."
4890086,SON OF SUN YACHTING LIMITED
2251144,SONS ACQUISITION CORP.
4032049,"SONS AND DAUGHTERS, INC."
6519932,"SONS AND DAUGHTERS, LLC"
3122227,"SONS AND DAUGHTERS OF HAM UNITED, INC."
4874634,"SONS AND LOVERS, LLC"
5562028,"SONSBOW, LLC"
5442084,SONSCOPE FOUNDATION
2514782,SON'S & DAUGHTER'S INTERNATIONAL INC.
3309661,"SONS DIX HILLS, LLC"
3309650,"SONS EAST MEADOW, LLC"
3309646,"SONS EASTPORT, LLC"
2414744,SON SERVICES INC.
7416281,SONSET PROPERTIES LLC
2182035,"SON'S GUNS, INC."
3272292,"SONSHIELD, LLC"
4282341,"SONSHINE 2007, LLC"
2098134,"SONSHINE DENTAL LABS, INC."
2047372,SONSHINE ENTERPRISES INC.
7463653,"SONSHINE EQUINE HORSEMANSHIP AND THERAPEUTIC RIDING CENTER, INC."
930551,SONSHINE EXPLORATION COMPANY
4325804,"THE SONSHINE FACTORY, LLC"
5852452,SONSHINE HOLDINGS LLC
4038593,"SONSHINE HOMES, LLC"
2299644,"SONSHINE HOUSE II, INC."
2477444,"SONSHINE HOUSE, INC."
2257124,"SONSHINE, INCORPORATED"
4228642,SONSHINE LLC
2036358,SON SHINE MINISTRIES INC.
6420585,SONSHINE MINISTRY INC.
5505182,"SONSHINE PARTNERS, LLC"
2588298,"SONSHINE PRESCHOOL AND CHILDCARE CENTER, INC."
3392237,SONSHINE PRODUCTIONS INCORPORATED
3206949,"SONSHINE PROPERTIES, LLC."
2612390,"SONSHINE REALTY, INC."
7453134,"SONSHINE SERVICES GROUP, INC."
947072,SONSHINE UNLIMITED INC.
942852,"SONSHIP SPORT FISHING, INC."
7369584,SONSHUD LLC
4779838,"SONSI, INC."
2813691,"SONSINGER BROADCASTING COMPANY OF BOSTON, LLC"
2910906,"SONSINGER BROADCASTING COMPANY OF CHICAGO, LLC"
2789036,"SONSINGER MANAGEMENT, INC."
3471993,SONSINO CAPITAL LLC
5776688,SONSIP LLC
4286058,SONS LLC
2020536,"SONS, L.P."
6888750,SONS OF A BEARD LLC
7527345,SONS OF ACTION PISTOL SOCIETY
