Control,Entity Type,Name
190,CORP,"A-1 MASONRY, INC."
227,CORP,"A SONG MUSIC, INC."
227,CORP,"A SONG MUSIC, INC."
341,CORP,"ACHESON FOUNDRY & MACHINE WORKS, INC."
475,CORP,"ADAMS & WHITSON, INC."
609,CORP,AGNEW & SONS CO.
1533,CORP,"ANDERSON SALES, COMPANY"
1539,CORP,"ANDERSON-SMITH INSURANCE SERVICE, INC."
1543,CORP,ANDERSON STORAGE AND DISTRIBUTING COMPANY
1547,CORP,"ANDERSON STUDIO, INC."
1551,CORP,"ANDERSON & SUTTON HOME DECORATING CENTER, INC."
1551,CORP,"ANDERSON'S HOME DECORATING CENTER, INC."
1560,CORP,"ANDERSON'S ANTIQUE AUTOMOBILES, INC."
1562,CORP,"ANDERSON'S, INC."
2440,CORP,"BALTON & SONS, INC."
2802,CORP,BELL & SONS COAL COMPANY
2813,CORP,BEASLEY & SONS CO.
2827,CORP,"BELL REAL ESTATE OF PARSONS, INC."
2984,CORP,"BENNETT HOUSE CLOTHING FOR GENTLEMEN & THIER SONS, INC. (THE)"
2996,CORP,"BENNETT & SONS, INC."
3031,CORP,"BENSON'S, INC."
4144,CORP,"BROWN & SONS, INC."
4231,CORP,"ADAMS & BRYSON WELL DRILLING, INC."
10939,CORP,"A. FASSNACHT & SONS, INC."
10939,CORP,"A. FASSNACHT & SONS, INC."
11621,CORP,1401 JEFFERSON REALTY CORPORATION
14645,CORP,"SONGS OF DAVID, INC."
15326,CORP,"AL HUDSON'S HOUSE OF IDEAS, INC."
15348,CORP,"BEN HOWELL & SON SADDLERY, INC."
16322,CORP,"A. R. JACKSON CO., INC."
16589,CORP,"A.T. JOHNSON PRODUCE CO., INC."
16670,CORP,"A.B. JONES & SONS, INC."
16670,CORP,"A.B. JONES & SONS, INC."
16740,CORP,"BUCK JONES AND SONS, INC."
17014,CORP,"A. KARCHMER & SON, INC."
20000,CORP,"A.S. MARTIN & SONS, INC."
20000,CORP,"A.S. MARTIN & SONS, INC."
22634,CORP,"BILL NICHOLSON'S USED CARS, INC."
23286,CORP,"AA OLSON MOVERS, INC."
24018,CORP,"A. D. PERRY & SONS, INC."
24018,CORP,"A. D. PERRY & SONS, INC."
26185,CORP,"SONG OF CASH, INC."
26188,CORP,"SONGS OF THE WORLD, INC."
26193,CORP,"SONIC DRIVE-IN OF COLUMBIA, INCORPORATED"
26198,CORP,"SONIC DRIVE-IN OF GALLATIN, INCORPORATED"
26200,CORP,"SONIC DRIVE-IN, JACKSON, INC."
26204,CORP,"SONIC DRIVE-IN OF LAWRENCEBURG, INCORPORATED"
26207,CORP,"SONIC DRIVE-IN OF LEWISBURG, INCORPORATED"
26212,CORP,"SONIC DRIVE-IN OF MARYVILLE, INC."
26218,CORP,"SONIC DRIVE-IN OF MCMINNVILLE, INCORPORATED"
26221,CORP,"SONIC DRIVE-IN OF SHELBYVILLE, INCORPORATED"
28044,CORP,"7-UP BOTTLING COMPANY OF JACKSON, INCORPORATED"
32299,CORP,200 MADISON AVENUE REALTY CORPORATION
32397,CORP,"B. G. YOUNG & SONS, INC."
35509,CORP,A. E. ANDERSON CONSTRUCTION CORPORATION
35520,CORP,"ANDERSON SALES AUDIT, INCORPORATED"
35554,CORP,ALLISON-SMITH COMPANY
35561,CORP,ANNING-JOHNSON SUPPLY AND MANUFACTURING COMPANY
35942,CORP,"BLAKEMAN & SONS, INC."
36040,CORP,BAHNSON SERVICE COMPANY
37031,CORP,A. B. CULBERTSON AND COMPANY
37409,CORP,"A. G. EDWARDS & SONS, INC."
37409,CORP,"A. G. EDWARDS & SONS, INC."
41490,CORP,SONDERLING BROADCASTING CORPORATION
45879,CORP,"BEN H. SWANN & SONS, INCORPORATED"
45948,CORP,"ALL SEASONS, INCORPORATED"
46699,CORP,"ACTION REALTY OF JOHNSON CITY & ELIZABETHTON, INC"
46734,CORP,"BISHOP AND SONS, INC."
47350,CORP,"SONG'S, INC."
48952,CORP,1786 MADISON CORPORATION
48993,CORP,"ALL SEASONS MOTEL AND RESTAURANT, INC."
49895,CORP,"ACADEMY OF PROFESSIONAL COUNTRY AIR PERSONALITIES, INCORPORATED"
49946,NCORP,"ADDISON AVENUE SETTLEMENT WORKERS OF NASHVILLE, TENNESSEE (THE)"
50060,CORP,AFRO-AMERICAN SONS AND DAUGHTERS
50061,CORP,AFRO FREE AND ACCEPTED MASONS OF AMERICA AND ORDER OF THE EASTER>
50274,CORP,"A & C MASONRY, INC."
50735,CORP,"SONIC DRIVE-IN OF MEMPHIS, INCORPORATED"
50831,CORP,"AAA MASONRY CONTRACTORS, INC."
53998,CORP,"A. & J. THOMPSON'S, INC."
53998,CORP,"A. & J. THOMPSON'S, INC."
54096,CORP,"SON, INC."
54097,CORP,"SONGS OF DAVID, INCORPORATED"
56016,CORP,"SONAC SALES, INC."
56137,CORP,"A. J. FUSON, D.D.S., P.C."
56273,CORP,"ANDERSON'S GARAGE, INCORPORATED"
56655,CORP,"SONGS FOR TODAY, INC."
56655,CORP,"SONGS FOR TODAY, INC."
56655,CORP,"SONGS FOR TODAY, INC. OF TENNESSEE"
57157,CORP,"BOZZA & SONS MOVING & STORAGE, INC."
57282,CORP,"SONAR SENTINEL OF CHATTANOOGA, INC."
57731,NCORP,SONG OF LIFE
57731,NCORP,SONG OF LIFE MINISTRIES
57868,CORP,"APISON SPORTSMAN'S CLUB, INC."
57877,CORP,APISON SQUARE BAPTIST CHURCH
59150,CORP,"SONAR SENTINEL, INC."
60346,CORP,"BEN MOGY AND SONS, INC."
62883,CORP,ADDISON CORPORATION
63215,CORP,"ALL SEASONS INSULATION, INC."
64826,CORP,"BAILEY & SONS TIMBER COMPANY, INC."
68047,CORP,ALL SEASONS CONSTRUCTION COMPANY
68845,CORP,BLOUNT COUNTY CHAPTER #2296 OF AMERICAN ASSOC OF RETIRED PERSONS>
69014,CORP,BRICKLAYERS AND STONE MASONS UNION OF AMERICA
70917,CORP,"ALLISON SMITH INSURANCE AGENCY, INC."
71048,CORP,"BORN FREE, FREE AND ACCEPTED MASONS INC."
72372,CORP,ADAMSON CONSTRUCTION COMPANY
74590,CORP,"11 W. JEFFERSON, INC."
78012,CORP,SONGWRITERS' HISTORICAL AND EDUCATIONAL ASSOCIATION AT NASHVILLE>
78442,CORP,"SONGMEN OF THE SOUTH, INC."
78712,CORP,"BRONSON'S SPORTING GOODS, INC."
84180,CORP,"SONG MASTERS EVANGELISTIC ASSOCIATION, INC. (THE)"
84228,CORP,"SONI SCHOOL ASSOCIATION, INC."
88491,CORP,"BUFORD EVANS & SONS REALTORS, INC."
89013,CORP,"BRANNON AND SONS, INCORPORATED"
89993,CORP,"A. C. BUTTS & SONS, INC."
89993,CORP,"A. C. BUTTS & SONS, INC."
91707,CORP,"SONIC DRIVE-IN OF FRANKLIN, INC."
92032,CORP,"BILL PARSONS INSURANCE AGENCY, INC."
92849,CORP,"ADDISON FOODS, INC."
93015,CORP,"ANDERSON'S WOODWORK, INC."
94217,CORP,"ALBERTSON'S, INC."
94464,CORP,"BOYD AND SONS REALESTATE AND INVESTMENTS, INCORPORATED"
98694,CORP,"AAA ANSWERING SERVICE OF JACKSON, INC."
99433,CORP,"BALIE C. GROSS & SONS AGENCY, INC."
100014,CORP,"4 SEASONS POOLS, INC."
100014,CORP,"4 SEASONS POOLS, INC."
101733,CORP,"BOBBY RAY KELLEY & SONS, INCORPORATED"
101889,CORP,"SON WEAVER, INC."
101942,CORP,SONAT EXPLORATION COMPANY
102189,CORP,ANDERSON'S NONE PROFIT INCORPORATORS
102639,CORP,"ANDERSON, SHWAB & ASSOCIATES, INC."
102746,CORP,"SONDEE, INC."
103885,CORP,"BILL PARSONS GYROS, INC."
104135,CORP,"ANDERSON'S CAJUN WHARF, INC."
104283,CORP,"AVERY & SONS HOME IMPROVEMENT CO., INC."
104605,CORP,"ALL SEASONS SERVICES, CO."
104658,CORP,"A-ALL SEASON HVAC, INC."
106006,CORP,"A. C. LEADBETTER & SON, INC."
106122,CORP,SONGS OF FAITH
106122,CORP,SONGS OF HOPE
107777,CORP,"ATCHISON'S PLANT CENTER, INC."
108308,CORP,"ANDERSON & SUTTON'S PAINT PLUS, INC."
109604,CORP,SON CIRCUIT INC.
109605,CORP,"SONGS OF AMERICA, INC."
109616,CORP,ACTS ONE-EIGHT EVANGELISTIC ASSOCIATION
110479,CORP,"SON SHINE MINISTRIES INTERNATIONAL, INC."
110479,CORP,"SON SHINE MINISTRIES, INC."
110904,CORP,"ALL SEASONS ENERGY SAVERS AND INSULATION, INC."
111019,CORP,"B.C. YURKEE & SONS, INC."
113916,CORP,"SONGS OF UNIVERSAL, INC."
114034,CORP,"SONIC DRIVE-IN, CAMDEN, TN, INC."
114140,CORP,"A. F. JOHNS & SONS, INC."
114140,CORP,"A. F. JOHNS & SONS, INC."
114185,CORP,BELSON SCRAP CORPORATION
114440,CORP,"ANDERSON'S, INC."
114567,CORP,"SONGYARD MUSIC COMPANY, INC."
115839,CORP,"AARON & NASON, CPA'S, P.C."
116221,CORP,"ADDISON INDUSTRIES, INC."
118321,CORP,ALL SEASONS FLORIST ETC. INC.
118970,CORP,SON-DAD OIL & GAS CORPORATION
119128,CORP,"ADAMS AND SONS, INC."
119128,CORP,"ADAMS AND SONS, INC."
119492,CORP,"SONIC DRIVE-IN, MILAN, INC."
119908,CORP,"1 OUR PHOTO OF JOHNSON CITY, INC."
120952,CORP,"SONI AND SONI, PEDIATRICS AND SURGERY, P.C."
122685,CORP,"A. E. PIPKIN & SONS, INC."
122685,CORP,"A. E. PIPKIN & SONS, INC."
124224,CORP,"SONAL ENTERPRISES, INC."
124349,CORP,"BILL LAWSON SECURITY AGENCY, INC."
124836,CORP,"A G PERSONNEL MANAGEMENT, INC."
125079,CORP,"A SITTER FOR ALL SEASONS, INC."
125079,CORP,"A SITTER FOR ALL SEASONS, INC."
125101,CORP,"ADDISON MCKINLEY, INC."
125158,NCORP,SONGWRITERS MINISTRY
125257,CORP,2080 MADISON CORPORATION
126694,CORP,"American Petroleum Sales & Service, a division of Murphy & Sons, Inc."
126732,CORP,"BOBBY JONES & SONS LUMBER COMPANY, INC."
127602,CORP,A BETTER IDEA SOCIAL CLUB OF DAVIDSON COUNTY INC.
130764,CORP,"SONDON ENTERPRISES, INC."
130844,CORP,"SONG GARDEN RECORDS, INC."
132010,CORP,"ACEY & SON DELIVERY SERVICE, INC."
134315,CORP,"SONG OF THE WORLD, INC."
134574,CORP,"BALTON & SONS, INC."
135187,CORP,"SON CONVEYOR, INC."
136481,CORP,"SONIC DRIVE-IN OF DICKSON, INC."
136752,CORP,"SONGFEST PRODUCTIONS, INC."
137090,CORP,"ALL SEASON STORM WINDOW CO., INC."
137644,CORP,"BENSON'S SCULPUTRED ROSE, INC."
140706,CORP,"ALEX. BROWN & SONS, INC."
141735,CORP,"SONIC DELIVERY, INC."
142262,CORP,"BOWMAN & SONS CONSTRUCTION COMPANY, INC."
142518,CORP,"ALL SEASONS TRAVEL, INC."
142617,CORP,"BEESON'S BOOKS, INC."
144810,CORP,"SONGSATION MUSIC, INC."
145134,CORP,"SONG SHOP, INC. (THE)"
146069,NCORP,"ALLISON STREET BAPTIST CHURCH, TEENIE TYMES DAY CARE CENTER"
147033,NCORP,"ALLISON ST. BAPTIST CHURCH, INC."
147033,NCORP,ALLISON STREET BAPTIST CHURCH
147660,CORP,"ALL SEASONS VACATION CENTER, INC."
147752,CORP,"ALBERT SMITH & SONS CONSTURCTION CO., INC."
147958,CORP,"AMICI & SONS, INC."
148864,CORP,"BEESON'S LIQUORS, INC."
149453,CORP,"BOONE AND SONS, INC."
149897,CORP,"ALVIS & SONS GENERAL TRUCKING, INC."
150381,CORP,"SONIC DRIVE-IN OF HENDERSON, INC."
150801,CORP,"SON POWER CO., INC."
153356,CORP,"SONGWRITERS COUNTRY MUSIC HALL OF FAME & MUSEUM, INC."
153356,CORP,"SONGWRITERS COUNTRY MUSIC HALL OF FAME & MUSEUM, INC."
153356,CORP,"SONGWRITERS COUNTRY MUSIC HALL OF FAME & MUSEUM, INC."
153356,CORP,"SONGWRITERS COUNTRY MUSIC HALL OF FAME, INC."
153356,CORP,"SONGWRITERS COUNTRY MUSIC HALL OF FAME, INC."
153356,CORP,"SONGWRITERS COUNTRY MUSIC HALL OF FAME, INC."
153535,CORP,ALL SEASONS SPORTSWEAR
155538,CORP,ADDISON CORPORATION
155962,CORP,"ANDERSON'S INVESTMENTS, INC."
157767,CORP,"BEN EDMONDSON STAPLES EXTRAORDINARY, INC."
158289,CORP,"SONIC BOOM PRODUCTIONS, INC."
158838,CORP,"SONGMASTERS, INC."
160978,CORP,"SONIC DRIVE-IN OF LENOIR CITY, INC."
163581,CORP,"SONGWORKS ENTERTAINMENT (CORPORATION), LTD."
163721,CORP,ANDREW JACKSON SERTOMA
163737,CORP,"ABC RENTAL SYSTEMS OF JACKSON, TENNESSEE, INC."
164055,CORP,SONGS OF PRAISE MINISTERIES
164682,CORP,"BEASON'S HOOK AND BULLET, INC."
164853,CORP,"SONCOM, INC."
166420,CORP,"A & B PERSONNEL, INC."
166420,CORP,"ACCOUNTANTS AND BOOKKEEPERS PERSONNEL, INC."
166420,CORP,"ACCOUNTING & BOOKKEEPING PERSONNEL, INC."
169328,CORP,"ACCREDITED PERSONNEL SERVIES, INC."
170247,CORP,"SONG SOURCE, INCORPORATED"
171215,NCORP,"BAPTIST HOMES FOR EXCEPTIONAL PERSONS, INCORPORATED"
171677,CORP,"ALLISON SYSTEMS, INC."
172192,CORP,"SONGBIRD DIGITAL, INC."
172412,CORP,"BOB WATSON'S PAINT AND WALL COVERINGS, INC."
173732,CORP,"A. JASON DEVELOPMENT COMPANIES, INC. (THE)"
174938,CORP,"ALL SEASONS CATERING, INC."
175186,CORP,BURKE-PARSONS-BOWLBY CORPORATION (THE)
175280,CORP,"BROWN-SIMPSON SALES, INC."
175766,CORP,"BEESON'S FOOD MART, INC."
176428,CORP,"ALL SEASONS HEATING & COOLING, INC."
176703,CORP,ALLISON SECURITIES CORPORATION
178734,CORP,"A. E. TAYLOR & SONS, INC."
178734,CORP,"A. E. TAYLOR & SONS, INC."
179829,CORP,"A.H. SCHECHNER & SON, INC."
181590,CORP,"ALL SEASONS LANDSCAPE AND MAINTENANCE, INC."
181802,CORP,ADAMS & SONS FABRICATION & WELDING COMPANY
181802,CORP,ADAMS & SONS FABRICATION & WELDING COMPANY
182389,CORP,"A. C. FOXX MASONRY, INC."
183850,CORP,"BAIRD & WILSON SHEET METAL, INC."
184061,CORP,"ANDERSON'S BROKERAGE, INC."
184503,CORP,"ANDERSON'S VINTAGE LIMOUSINES, INC."
185013,CORP,"B. DON JAMES & SONS, INC."
185070,CORP,"ALL SEASONS REALTY, INC."
185633,NCORP,"ACADEMY OF PERSONAL INJURY LAWYERS, INC."
186430,CORP,"ADAMS & PERKINS MASONRY, INC."
186430,CORP,"ADAMS MASONRY, INC."
186804,CORP,"BRACKINS & SONS, INC."
188366,NCORP,ARC LAWRENCE COUNTY- WORKING FOR PERSONS WITH HANDICAPS
188740,CORP,"A. B. DICKSON DEVELOPERS, INC."
192544,CORP,"SONGBOX MUSIC, INC."
192585,CORP,ADDISON CONSTRUCTION CO.
192600,CORP,"ALL SEASONS TRANSPORTATION COMPANY, INC."
194308,CORP,"SONGBIRD, INC."
194559,NCORP,"443 DONELSON PIKE, INC."
194662,CORP,ADAMS & SON CONTRACTING COMPANY
195052,CORP,"ALVERSON'S, INC."
195740,CORP,"149 EDISON STREET, INC."
195740,CORP,"149 EDISON STREET, INC."
197057,CORP,"A-1 PERSONNEL AGENCY, INC."
197173,CORP,"SONG PANTRY MUSIC, INC."
198389,CORP,"SONI CLEAN, INC."
198910,CORP,"A.L. JOHNSON APPLIANCE SERVICE, INC."
199728,CORP,"SONG FACTORY, INC."
200764,NCORP,"ABUNDANT LIFE CHURCH OF JACKSON, TENNESSEE"
202964,CORP,SONGS OF API
202964,CORP,SONGWRITERS INK
202964,CORP,SONGWRITERS INK
202964,CORP,SONGWRITERS INK
203343,CORP,"BENNETT & SONS SURVEYORS & PLANNERS, INC."
203950,CORP,"ADAMSON AUTOMOTIVE SERVICES, INC."
204476,CORP,"B & L ANDERSON AND SONS, INC."
204949,CORP,"ABBOTT & BURLISON, P.C."
205131,CORP,SONAT MARKETING COMPANY
206932,CORP,"SONGS FOR TODAY, INC."
207182,CORP,"A-1 HENDERSON ELECTRIC, INC."
208133,CORP,"ALDERSON'S CLEANERS OF MT. PLEASANT, INC."
208525,CORP,"A P S - ADVANCE PERSONNEL SERVICE, INC."
208586,CORP,"ANDERSON'S CAJUN'S WHARF, INC."
208707,CORP,ACUSON CORPORATION
209737,CORP,"ALL SEASONS GUTTERING OF JOHNSON CITY, INC."
209928,CORP,"SONGS OF POLYGRAM INTERNATIONAL, INC."
210862,CORP,"ALLISON SIGNS & MARKETING, KNOXVILLE, INC."
210863,CORP,"ALLISON SIGNS & MARKETING, INC."
211178,CORP,"A. JASON REALTY, INC."
211316,LP-88,"SONIC DRIVE-IN, DONELSON, TENNESSEE, A LIMITED PARTNERSHIP"
212151,LP-88,"SONIC DRIVE-IN, DYERSBURG, TENNESSEE, A LIMITED PARTNERSHIP"
212475,CORP,"ALL SEASON SHIELD, INC."
213020,LP-88,"SONIC DRIVE-IN, MEMPHIS, GETWELL, A LIMITED PARTNERSHIP"
213473,CORP,"ANDERSON'S SPORTS HEADQUARTERS, INC."
214608,LP-88,"SONIC DRIVE-IN, MEMPHIS, HWY 64, A LIMITED PARTNERSHIP"
216945,CORP,A. H. JOHNSON CONSTRUCTION CO.
217549,CORP,ALL SEASONS LAWN SERVICES
221010,CORP,"SONAL, INC."
222153,LP-88,"SONIC DRIVE-IN, MEMPHIS, SUMMER AVENUE, A LIMITED PARTNERSHIP"
222472,CORP,"ACE HARDWARE OF JOHNSON CITY, INC."
223210,CORP,"BATTERSON STUDIOS, INC."
223315,CORP,ADAMS & PEARSON DEVELOPMENT COMPANY INC.
224157,CORP,"AMERICAN ASSOCIATION OF EXPERIENCED PERSONS, INC."
224781,LLC,"A.H. JOHNSON CO., L.L.C."
224973,LP-88,"SONIC DRIVE IN, MEMPHIS, SHELBY, A LIMITED PARTNERSHIP"
225960,CORP,"ALLISON'S, INC."
226100,LP-88,"SONIC DRIVE-IN MEMPHIS, YALE, A LIMITED PARTNERSHIP"
226751,LP-88,"SONIC DRIVE-IN MILLINGTON, TENNESSEE, A LIMITED PARTNERSHIP"
227527,CORP,"ACCESSABLE PERSONNEL, INC."
227570,CORP,"ANDERSON'S USED CARS, INC."
227989,LLC,"SONIC DRIVE IN OF MURFREESBORO, TENNESSEE #2"
227989,LLC,"SONIC DRIVE-IN OF MURFREESBORO, TENNESSEE #2, A TENNESSEE LIMITED PARTNERSHIP"
227989,LLC,"SONIC DRIVE-IN, MURFREESBORO, TN #2, L.L.C."
228304,LP-88,"SONIC DRIVE-IN, MEMPHIS, MENDENHALL, A LIMITED PARTNERSHIP"
228895,NCORP,"SONGS OF FAITH MINISTRIES, INC."
228934,LP-88,"SONIC DRIVE-IN COLLIERVILLE, TENNESSEE, A LIMITED PARTNERSHIP"
229101,CORP,"BODY ILLUISONS, INC."
229487,CORP,"AAA BAIL BONDS A SUBSIDIARY OF SANFORD & SONS BAIL BONDS, INC."
229487,CORP,"AAA BAIL BONDS A SUBSIDIARY OF SANFORD & SONS BAIL BONDS, INC."
230166,CORP,"ANDERSON'S INDUSTRIAL TRUCKING SERVICES, INC."
230520,LP-88,"SONIC DRIVE-IN OF GREENEVILLE, L.P."
231103,CORP,"SONAS ENVIRONMENTAL SERVICES - TN, INC."
231290,CORP,"A. RICHARD JOHNSON, INC."
231865,CORP,"ALL SEASONS REFRIGERATION, AIR CONDITIONING & HEATING, INC."
232917,CORP,"BUDDY PARSONS GENERAL CONTRACTOR, INC."
234012,LP-88,"SONIC DRIVE-IN OF MARTIN, TENNESSEE, A LIMITED PARTNERSHIP"
235202,LP-88,"SONIC DRIVE-IN, LEWISBURG, TN, A LIMITED PARTNERSHIP"
235535,CORP,SON SHINE CONSTRUCTION CO.
236606,CORP,"A. HARRISON JOHNSON, JR., P.C."
236958,LP-88,"SONIC DRIVE-IN OF SEVIERVILLE, L.P."
237837,CORP,"ALISON'S COOKIN', INC."
238197,NCORP,"ACADEMY OF PERSONAL INJURY ATTORNEYS, INC."
238735,LP-88,"SONIC DRIVE-IN, MEMPHIS-OVERTON, A LIMITED PARTNERSHIP"
239433,LP-88,"SONIC DRIVE-IN OF ATHENS, L.P."
239711,LP-88,"SONIC DRIVE-IN OF MORRISTOWN, TENNESSEE #2, A LIMITED PARTNERSHIP"
241621,CORP,ALL SEASONS PEST CONTROL CORPORATION
243957,CORP,"ANDERSON'S, INC."
244926,CORP,SONGER CORPORATION
245062,LP-88,"SONIC DRIVE IN, LOUDEN, TENNESSEE, A LIMITED PARTNERSHIP"
245569,CORP,"BEASLEY & SONS TRUCKING, INC."
245993,CORP,"600 MADISON, INC."
246705,CORP,"ADAMS, WHITEAKER, ROBINSON, REGAN & YOUNG, P.C."
246735,CORP,"ADAMSON RITZEN, INC."
246854,LP-88,"SONIC DRIVE-IN, MEMPHIS, STAGE RD., A LIMITED PARTNERSHIP"
250060,CORP,SON LOVE RECORDS
250184,CORP,"ALL SEASONS CONTRACTING COMPANY, INC."
250274,CORP,"SONGWRITERS INFORMATION SERVICES, INC."
252115,CORP,"BOSI & SONS, INC."
253036,CORP,SONGWRITERS PROFESSIONAL SERVICES ASSOCIATION INC.
253241,CORP,"SONGBIRD ENTERPRISE, INC."
253695,CORP,"ACADEMY OF PERSONAL PROTECTION & SECURITY, INC."
254660,CORP,"AAA FENCE COMPANY OF JOHNSON CITY, INC."
255112,LP-88,"SONIC DRIVE-IN, MADISON, GALLATIN PIKE, A LIMITED PARTNERSHIP"
255386,LP-88,"SONIC DRIVE-IN, MEMPHIS, KIRBY, A LIMITED PARTNERSHIP"
255434,CORP,"DAWSON ENTERPRISES, INC."
255443,CORP,"SONGTEST, INC."
255968,CORP,"BOB CAGLE AND SONS, INC."
255974,CORP,BOB CAGLE & SONS INC.
256361,CORP,"ADAMS-ROBINSON ENTERPRISES, INC."
256492,CORP,"SONGS OF CLAIRMONT, INC."
257273,CORP,"ABC INSURANCE CENTER OF HIXSON, INC."
257483,CORP,"BITTLE & SONS, INC."
257875,LP-88,"SONIC DRIVE-IN, LAVERGNE, TENNESSEE, LIMITED PARTNERSHIP"
258102,CORP,"SON SHINE PRODUCE, INC."
258289,CORP,"BOOKER & SONS PAINTING CONTRACTORS, INC."
258359,CORP,"A PLUS MASONRY, INC."
258610,LP-88,"SONIC DRIVE-IN, MEMPHIS, GERMANTOWN PKWY., A LIMITED PARTNERSHIP"
258778,CORP,"BRYSON STUDIO AND PUBLISHING, INC."
259389,LLC,SONIC DRIVE IN OF SHELBYVILLE TN L.P.
260072,CORP,"SONGS BAYOU, INC."
260909,CORP,"SONGS OF CROSSFIELD, INC."
262480,CORP,"ACCOUNTING PERSONNEL SERVICES, INC."
263044,LP-88,"SONIC DRIVE-IN, ELIZABETHTON, TENNESSEE, LIMITED PARTNERSHIP"
264344,CORP,A.W. MINSHALL & SONS INC.
264344,CORP,A.W. MINSHALL & SONS INC.
264954,CORP,"ADDISON EQUIPMENT, INC."
266021,CORP,A.G. SIMPSON (TENNESSEE) INC.
266021,CORP,A.G. SIMPSON CO.-TENNESSEE
266090,CORP,"SON SYSTEMS, INC."
267350,NCORP,16TH DISTRICT MASONIC CHARITY FUND
267370,CORP,"1820 MADISON STREET, INC."
267370,CORP,"1820 MADISON STREET, INC."
269077,LP-88,"SONIC DRIVE-IN, KINGSTON PIKE, L.P."
269192,CORP,"SON OF A GILA MONSTER MUSIC, INC."
269192,CORP,"SON OF GILA MONSTER MUSIC, INC."
269424,CORP,"SONG CATCHER MUSIC, INC."
270606,CORP,"SON & SONS, INC."
270648,CORP,"BEAUREGARD SONS PEST CONTROL, INC."
271008,LP-88,"SONIC DRIVE-IN, MURFREESBORO ROAD, A LIMITED PARTNERSHIP"
271551,CORP,"BALTON & SONS SIGN COMPANY, INC."
271552,CORP,"BALTON & SONS OUTDOOR ADVERTISING COMPANY, INC."
272082,CORP,"SONGS OF JASPER, INC."
272332,CORP,"ALL SEASONS HOME MAINTENANCE, INC."
272332,CORP,"ALL SEASONS REFRIGERATION, INC."
274108,LP-88,"SONIC DRIVE-IN, HARDING PLACE, A LIMITED PARTNERSHIP"
275793,CORP,"A. J. BATSON CONSTRUCTION, INC."
275961,CORP,SONDA M. SWAN CORPORATION
277483,CORP,"ANDERSON & SON, INC."
277529,CORP,"ALVERSON'S HALLMARK, INC."
278536,LP-88,"SONIC DRIVE-IN, MEMPHIS, POPLAR, A LIMITED PARTNERSHIP"
279043,CORP,"ABC PERSONNEL SERVICES, INC."
279318,CORP,"SONIC DRIVE-IN OF LAFAYETTE, INC."
280079,LLC,"SONIC DRIVE-IN, GOODLETTSVILLE, TENNESSEE, L.P."
280079,LLC,"SONIC DRIVE-IN, GOODLETTSVILLE, TN, L.L.C."
280154,CORP,"BURKS, JOHNSON, PATTERSON & SETTLE, P.C."
280936,LP-88,"SONIC DRIVE-IN, JOHNSON CITY, TN, #2, L.P."
282237,CORP,"ALL SEASONS HEATING & AIR, INC."
282470,NCORP,"A PLACE IN THE SON MINISTRIES, INC."
282664,LLC,"A. H. JOHNSON MANAGEMENT CO., L.L.C."
282664,LLC,"A.H. JOHNSON MANAGEMENT CO., L.L.C."
283147,CORP,SONGWARE CBA/ABA FULFILLMENT DISTRIBUTION
283147,CORP,SONGWARE CBA/ABA FULFILLMENT DISTRIBUTION
283147,CORP,SONGWARE RIBBON ROSE MANUFACTURING
283147,CORP,SONGWARE RIBBON ROSE MANUFACTURING
283147,CORP,"SONGWARE, INC."
284872,CORP,"SONG - WRITERS IN THE ROUND, INC."
285223,NCORP,"SONG REVIVAL FELLOWSHIP AND MINISTRIES, INCORPORATED"
285733,CORP,ACCESS PERSONNEL. INC.
287216,CORP,"ALL SEASONS SALON OF BEAUTY, INC."
287591,CORP,"BERKELEY FOUR SEASONS VACATIONS, INC."
288436,LP-88,"SONIC DRIVE-IN, KNOXVILLE, TN, L.P."
288440,CORP,ADDISON
290323,CORP,"ALL SEASONS CONSTRUCTION COMPANY, INC."
290498,LP-88,"SONIC DRIVE-IN, KNOXVILLE #2, CEDAR LANE, TN, L.P."
291100,LP-88,"SONIC DRIVE-IN, ERWIN, TN, L.P."
292619,CORP,"ALL SEASONS SERVICE COMPANY, INC."
294081,CORP,SONG ACRE MUSIC CO.
295060,LLC,"SONIC DRIVE IN - MT. JULIET, TENNESSEE, A LIMITED PARTNERSHIP"
295953,CORP,"A TO Z PERSONNEL STAFFING, INC."
296083,LP-88,"SONIC DRIVE-IN, ANTIOCH, TN, A LIMITED PARTNERSHIP"
296115,NCORP,AMERICAN ASSOCIATION OF RETIRED PERSONS
296290,LLC,"SONGWRITING PROMOTIONS, LLC"
296524,CORP,"SONGS SUNG BLUE, INC."
296876,CORP,"ALLISON SPORTSMENS HEADQUARTERS & DELI, INC."
298632,CORP,"ALL SEASONS BP, INC."
299243,LLC,"SONIC DRIVE-IN OF EAST RIDGE, LLC"
299244,LLC,"SONIC DRIVE-IN OF HIXSON, LLC"
299245,LLC,"SONIC DRIVE-IN OF SHALLOWFORD, LLC"
300467,LLC,Balton & Sons
300892,LP-88,"SONIC DRIVE-IN MORRISTOWN #2, L.P."
301673,NCORP,"ALL SEASONS ATHLETIC, INC."
301682,LLC,"SONIC DRIVE-IN, LAWRENCEBURG, TN, L.L.C."
301682,LLC,"SONIC DRIVE-IN, LAWRENCEBURG, TN, L.P."
301713,CORP,"ALL SEASONS AIR, INC"
301974,LLC,"310 MADISON EQUITIES, LLC"
301978,LLC,"400 MADISON EQUITIES, LLC"
302448,LP-88,"SONIC DRIVE-IN OF ETOWAH, L.P."
302449,CORP,"BRINDLEY & SONS CONSTRUCTION, INC."
302582,LLC,S O N
302582,LLC,S O N
302896,LLC,"BOWERS & SONS CONSTRUCTION, LLC"
303063,LLC,"2490 EAST ANDREW JOHNSON HIGHWAY, LLC"
303111,CORP,"ALL SEASONS AUTO SALES, INC."
304096,CORP,"A.G.T. PERSONNEL SERVICES, INC."
304688,LLC,"A. D. REGEON, G. G. THOMPSON & ASSOCIATES, PLLC"
305699,LLC,"864 SOUTH JEFFERSON, L.L.C."
306050,CORP,"ALL SEASONS LANDSCAPE SERVICES, INC."
307789,LLC,"BEN PEARSON STUDIO, L.L.C."
308167,CORP,"BALTZ AND SONS CONCRETE SERVICES, INC."
308614,LP-88,"165 MADISON AVENUE, L.P."
309354,CORP,"ACTION HOMES OF DICKSON, INC."
309477,CORP,"SONG MATTERS, INC."
309481,CORP,"SONGS OF NOTE, INC."
310220,CORP,ALL SEASONS FOREIGN AND DOMESTIC INC.
310226,CORP,"SONDADDY MUSIC, INC."
310571,LP-88,A.B./EDMONSON-PIKE LIMITED PARTNERSHIP
311840,CORP,"ALL SEASONS USA, INC."
311860,LP-88,"SONIC DRIVE-IN, HERMITAGE, TN, A LIMITED PARTNERSHIP"
311861,LP-88,"SONIC DRIVE-IN, HARTSVILLE, TN, A LIMITED PARTNERSHIP"
311862,LP-88,"SONIC DRIVE-IN, CARTHAGE, TN, A LIMITED PARTNERSHIP"
314298,CORP,SONAS CORPORATION
315300,NCORP,"SONGS BY ""PAULA"""
315579,CORP,"BROADWAY AND SONS TRUCKING, INC"
316973,CORP,"ACE PERSONAL CHECK ADVANCE, INC."
317098,CORP,"ANDERSON'S TREE SERVICE, INC."
318978,CORP,"SONA, INC."
320643,LLC,"SONIC DRIVE-IN, HENDERSONVILLE, TN #2, L.L.C."
320770,CORP,"ALL SEASONS INSULATION CO., INC OF TENNESSEE"
320900,CORP,"105 E. JACKSON, INC."
321028,CORP,"ACUFF, WILSON, ACUFF & NISBET, P.C."
321845,LLC,WILSON FINANCIAL
322877,CORP,ACCOUNTANTS ON CALL
322884,LLC,8044 GLEASON COMPANY LLC
324533,LLC,"ALL SEASONS FRAMING, LLC"
324669,LLC,"1399 MADISON PROPERTIES, L.L.C."
325841,LLC,"ALL SEASONS VACATION CENTER, LLC"
327464,CORP,"A & B PERSONNEL, INC."
328442,LLC,"ACTION COOLING & HEATING CO. OF JOHNSON CITY, TN, L.L.C."
328820,LLC,"SONIC DRIVE-IN, GALLATIN, TENNESSEE, A LIMITED PARTNERSHIP"
328820,LLC,"SONIC DRIVE-IN, GALLATIN, TN, L.L.C."
328821,LLC,"SONIC DRIVE-IN, HENDERSONVILLE, TENNESSEE, L.P."
328821,LLC,"SONIC DRIVE-IN, HENDERSONVILLE, TN, L.L.C."
328912,LLC,"ALL SEASONS TERMITE & PEST CONTROL, LLC"
329632,LLC,"BALLARD, BOMAR & PARSONS, LLC"
329679,LLC,"SONIC DRIVE-IN, MURFREESBORO, TENNESSEE, LIMITED PARTNERSHIP"
329709,LLC,SONGS OF C & P
329896,LLC,"SONIC DRIVE-IN, MANCHESTER, TENNESSEE, LIMITED PARTNERSHIP"
329896,LLC,"SONIC DRIVE-IN, MANCHESTER, TN, L.L.C."
329905,LLC,"SONIC DRIVE-IN WINCHESTER, TENNESSEE, LIMITED PARTNERSHIP"
330122,LLC,"SONIC DRIVE-IN LAVERGNE, TENNESSEE, LIMITED PARTNERSHIP"
330122,LLC,"SONIC DRIVE-IN, LAVERGNE, TN, L.L.C."
330177,LLC,"SONIC DRIVE-IN, FAYETTEVILLE, TENNESSEE, LIMITED PARTNERSHIP"
330177,LLC,"SONIC DRIVE-IN, FAYETTEVILLE, TN, L.L.C."
330179,LLC,"SONIC DRIVE-IN, MCMINNVILLE, TENNESSEE, LIMITED PARTNERSHIP"
330179,LLC,"SONIC DRIVE-IN, MCMINNVILLE, TN, L.L.C."
330182,LLC,"SONIC DRIVE-IN, COLUMBIA, TENNESSEE, LIMITED PARTNERSHIP"
330182,LLC,"SONIC DRIVE-IN, COLUMBIA, TN, L.L.C."
330744,LP-88,"SONIC DRIVE-IN, LAKELAND, TN, A LIMITED PARTNERSHIP"
330969,CORP,"A.L. JOHNSON DISTRIBUTOR,INC."
332591,CORP,"ALBERT SMITH & SONS ENTERPRISES, INC."
332911,CORP,"A. J. PATTERSON, INC."
334155,LLC,"SONIC DRIVE-IN MURFREESBORO, TN, #3, L.L.C."
334444,LLC,"A-1 STAFFING & PERSONNEL, L.L.C."
335401,CORP,"SONGS FOR THE PLANET, INC."
336182,LLC,"SONIC - SUPERIOR OLDSMOBILE, LLC"
336185,LLC,"SONIC AUTOMOTIVE-6025 INTERNATIONAL DRIVE, LLC"
336186,LLC,SONIC AUTOMOTIVE BODY SHOP
336186,LLC,"SONIC AUTOMOTIVE OF NASHVILLE, LLC"
336188,LLC,"SONIC AUTOMOTIVE OF CHATTANOOGA, LLC"
336189,LLC,"SONIC AUTOMOTIVE-2490 SOUTH LEE HIGHWAY, LLC"
336287,CORP,"SONIC AUTOMOTIVE OF TENNESSEE, INC."
336821,LLC,"A.H. JOHNSON FAMILY, LLC"
337049,NCORP,"ANDERSON STREET CONDOMINIUM ASSOCIATION, INC."
337306,LLC,"4400 JACKSON HIGHWAY, LLC"
337981,CORP,"ACCUSONIC TECHNOLOGIES, INC."
338987,LP-88,"SONIC DRIVE-IN, LIVINGSTON, TN A LIMITED PARTNERSHIP"
339618,LLC,"1749 MADISON, LLC"
339946,LLC,"119 MADISON PROPERTIES, L.L.C."
339972,LLC,"ADAM GIBSON CONTRACTORS, L.L.C."
341456,NCORP,"AUDUBON CHAPTER #5214 OF AMERICAN ASSOCIATION OF RETIRED PERSONS, INC."
342062,LP-88,"SONIC DRIVE IN, MEMPHIS, PERKINS, A LIMITED PARTNERSHIP"
343246,LP-88,"1817 PATTERSON STREET, LP"
343246,LP-88,"1817 PATTERSON STREET, LP"
344669,NCORP,SON - LIGHT TEMPLE - CATHERAL OF PRAISE AND DELIVERANCE MINISTRIES
344669,NCORP,SON LIGHT Temple-Cathedral of Praise and Deliverance Church
344990,CORP,"ALBERTSON'S, INC"
345335,LP-88,"1997 ANDERSON FAMILY, L.P."
346538,LLC,"SONGGARDEN PUBLISHING, LLC"
347637,LLC,"ALL SEASONS SUNROOMS, LLC"
348052,CORP,DODSON MOTOR FREIGHT INCORPORATED
348196,LLC,Anderson's ProClean
348291,CORP,"SONIC AUTOMOTIVE-HWY. 153 AT SHALLOWFORD ROAD, CHATTANOOGA, INC."
348830,LLC,ACCESS ONE COMMUNICATIONS
351926,LLC,"SONIC DRIVE-IN, BELLEVUE, TN, L.L.C."
352735,LLC,"ALL MY SONS MOVING & STORAGE OF NASHVILLE, INC."
352735,LLC,"All My Sons Moving & Storage of Nashville, LLC"
353539,LLC,"ALL SEASONS SUN ROOMS, LLC"
354239,LP-88,"SONIC DRIVE IN, MEMPHIS, HWY 70, A LIMITED PARTNERSHIP"
355980,CORP,"SONG'S TAE KWON DO, INC."
356942,LP-88,SONIC DRIVE IN NASHVILLE MELROSE LP
357043,LLC,"ANIMAL CARE CLINIC OF PARSONS, P.L.L.C."
357073,LLC,ALL SEASONS LANDSCAPING & SUPPLIES
357444,CORP,SONG KIM CORP.
357514,CORP,ACT 1 PERSONNEL SERVICES
357514,CORP,ACT 1 PERSONNEL SERVICES
357664,CORP,BARSONS FINANCIAL SERVICES CORPORATION
358438,LLC,"ADAMSON DEVELOPERS, LLC"
358452,LLC,"ALL SEASONS GARDEN SUPPLY, LLC"
359131,LLC,"SONIC DRIVE-IN OF DYERSBURG # 2, LLC"
359264,LLC,"ADAMSON & BROOKS CONSTRUCTION CO., LLC"
359264,LLC,"ADAMSON CONSTRUCTION CO., LLC"
360745,LP-88,"SONIC DRIVE-IN, COOKEVILLE, TN, JACKSON ST., A LIMITED PARTNERSHIP"
361114,LLC,"ALL SEASONS ENERGY OF TENNESSEE, LLC"
361657,CORP,"ACCESS ONE, INC."
363173,LLC,"969 MADISON , L.L.C."
363370,LLC,"ANDERSON'S MARKET & DELI, LLC"
365129,LLC,"511 NORTH JACKSON, LLC"
366281,LLC,"SONIC - 2185 CHAPMAN RD., CHATTANOOGA, LLC"
366281,LLC,SONIC AUTOMOTIVE COLLISION CENTER
366495,LLC,SONG PLANET
366562,CORP,"3-T THOMPSON'S TREMENDOUS TRIUMPH, INC."
366562,CORP,"3-T THOMPSON'S TREMENDOUS TRIUMPH, INC."
366566,CORP,ALL SEASONS INSULATION
366566,CORP,ALL SEASONS INSULATION OF TENNESSEE
367922,LLC,"ADDISON MCKINLEY, LLC"
368729,LLC,"SONGS OF SALLY SUE'S MEDICINE SHOW, LLC"
369596,CORP,"ANDERSON STEEL BUILDING, INC."
371318,LLC,Addison McKinley I LLC
371420,NCORP,SON LIGHT BAPTIST CHURCH
372144,CORP,"BUDDY & SONS, INC."
372705,LLC,"SONIC DRIVE-IN COLUMBIA, TN, #2, L.L.C."
375689,CORP,"SONG ENTERPRISE, INC."
376022,LLC,ALL SEASONS SUNROOMS OF TENNESSEE
376194,LLC,"ALLEN LAWRENCE AND SON SIGNS, LLC"
376530,LP-88,"SONIC DRIVE IN, DUNLAP, TENNESSEE, A LIMITED PARTNERSHIP"
378570,CORP,A PERSONAL TOUCH SALON & DAY SPA
378633,CORP,"ACHESON LAND SURVEYING, INC."
379093,LLC,"SONIC DRIVE-IN, DYERSBURG, TN, LLC"
379218,LLC,"99 IJ JOHNSON CITY, L.L.C."
379372,LLC,"SONIC CREATIONS, LLC"
379606,LLC,SONGS OF WINDSWEPT PACIFIC
379606,LLC,SONGS OF WINDSWEPT PACIFIC
380061,LLC,"SONIC DRIVE-IN, GALLATIN, TN, #2, L.L.C."
380816,LP-88,"BILLY A. WILSON, SR., FAMILY LIMITED PARTNERSHIP"
381139,LLC,"SONGCATALOG.COM, LLC"
381717,LLC,"ALL SEASONS HEATING, COOLING, REFRIGERATION L.L.C."
382628,LLC,"SONIC DRIVE-IN ATOKA, TN, L.L.C."
383625,LLC,1792 MADISON AVE. CORPORATION
383625,LLC,"1792 MADISON AVENUE, LLC"
383662,LLC,"A TOUCH OF CLASS HOUSEKEEPING AND PERSONAL SERVICES, LLC"
385356,LLC,"SONIC DRIVE-IN, LEBANON, EASTGATE, L.L.C."
387230,CORP,"SONIC AUTOMOTIVE-3741 S. NOVA RD., PO, INC."
388050,LLC,"SONIC DRIVE-IN, LEBANON, EASTGATE, L.L.C."
389744,LLC,"SONIC DRIVE-IN OF JASPER, LLC"
390316,CORP,BREWER & SONS CONSTRUCTION CO.
390711,LLC,ARP-GOLD 2089 MADISON STREET LLC
390713,LLC,ARP-GOLD-MORRISON SPRINGS AT MOUNTAIN VIEW LLC
391417,LLC,"ALL SEASONS CHALETS OF GATLINBURG, L.L.C."
392082,CORP,"SONG AND SCRIPT.COM,INC."
392143,LLC,"SONIC DRIVE-IN DUNLAP, TENNESSEE, L.L.C."
392145,LLC,"SONIC DRIVE-IN, HERMITAGE, TN, L.L.C."
392148,LLC,"SONIC DRIVE-IN, HARTSVILLE, TN, L.L.C."
392150,LLC,"SONIC DRIVE-IN, CARTHAGE, TN, L.L.C."
392153,LLC,"SONIC DRIVE-IN, LIVINGSTON, TN, L.L.C."
392154,LLC,"SONIC DRIVE-IN, MADISON, GALLATIN PIKE, L.L.C."
392156,LLC,"SONIC DRIVE-IN, HARDING PLACE, L.L.C."
392157,LLC,"SONIC DRIVE-IN, LEWISBURG, TN, L.L.C."
392158,LLC,"SONIC DRIVE-IN, ANTIOCH, TN, L.L.C."
392161,LLC,"SONIC DRIVE-IN, COOKEVILLE,TN,L.L.C."
392162,LLC,"SONIC DRIVE-IN, CROSSVILLE, TENNESSEE,L.L.C."
392163,LLC,"SONIC DRIVE-IN, DONELSON, TENNESSEE, L.L.C."
392164,LLC,"SONIC DRIVE-IN, COOKEVILLE, TN, JACKSON ST., L.L.C."
392737,CORP,"191 JEFFERSON, INC."
392799,LLC,"195 MADISON AVENUE, L.L.C."
392943,NCORP,"AMERICAN ASSOCIATION OF PHYSICIAN LIAISONS, INC."
393088,CORP,SONAS DESIGN INC.
396287,LLC,"SONIC DRIVE-IN, HIGHWAY 231 SOUTH, L.L.C."
397742,CORP,"ART STEWARD & SONS, INC."
398297,LLC,BARMORE & SONS TRUCKING CO. LLC
399166,LLC,"ADAMSON TRUCKING, LLC"
399611,LLC,"109 MADISON PROPERTIES, L.L.C."
399676,CORP,"SONGS OF SAVANNAH, INC."
400094,LLC,ACCOUNTANTS ON CALL OF TENNESSEE
401482,LLC,"SONIC DRIVE-IN, BELLEVUE, TN, #2, L.L.C."
402518,CORP,"SONGS OF FROEHLIG PALMER, INC."
403450,CORP,"ANDERSONSHAW ENTERTAINMENT GROUP, INC."
403823,LLC,"A.L. JOHNSON DISTRIBUTOR, LLC"
404608,LLC,"231 & THOMPSON, LLC"
404695,CORP,"ANDERSON'S FUNERAL HOME, INC."
404807,LP-88,"AAA STORAGE BRILEY AT ROBERTSON, L.P."
406356,LLC,"969 MADISON, LLC"
406643,LLC,ARP DAYTON HIGHWAY AND MORRISON SPRINGS ROAD LLC
407372,LLC,"SONIC DEVELOPMENT, LLC"
408704,LLC,"1620 MADISON, L.L.C."
409649,LLC,"3498 JACKSON AVENUE, LLC"
410230,CORP,"ALL SEASONS LANDSCAPING, INC."
411519,CORP,SONG OF SOLOMON CHRISTIAN COUNSELING SERVICE
412355,CORP,"ADAMPASONIC IMPORT, INC."
413295,LLC,"BACON SONS, LLC"
413876,NCORP,"SONGS OF HOPE AWARENESS AND RECOVERY FOR EVERYONE (SHARE), INC."
414231,LP-88,"ALLISON-SMITH OPERATIONS, L.P."
415104,CORP,ALL SEASONS INSULATION
415337,CORP,"ALL SEASONS ALLERGY AND ASTHMA ASSOCIATES, P.C."
416296,LLC,"600 MADISON, LLC."
417064,LLC,"ADKISSON'S CABINETS, LLC"
417069,LLC,"SONIC DRIVE-IN OF CENTRAL CITY, LLC"
418111,LLC,"SONGS OF SKINNER, LLC"
418112,LLC,"SONGS OF WALLACE, LLC"
418437,LLC,"ALL SEASONS REFRIGERATION, LLC"
418993,LLC,"ADAMS-PATTERSON GYNECOLOGY AND OBSTETRICS, P.L.L.C."
419542,LLC,"60 MADISON AVENUE, LLC"
419557,CORP,24BY7 PERSON TO PERSON
420292,NCORP,SON GOLF LEAGUE INC
420640,CORP,"ALL SEASONS PEST CONTROL, INC."
420818,LLC,"AARON SONGS, LLC"
420887,LLC,"SONG U, LLC"
421194,CORP,"ALL SEASON SPORTING GOODS, INC."
421706,LLC,"ADMINISTERIAL LIAISON SERVICES, LLC"
421706,LLC,"ADMINISTERIAL LIASON SERVICES, LLC"
421949,CORP,"ACADEMY FOR PERSONAL DEFENSE, INC."
422877,CORP,"SONGBIRD COMPANY, INC."
423702,LLC,ACE HARDWARE OF DONELSON
423702,LLC,ACE HARDWARE OF HENDERSONVILLE
425873,CORP,ALL SEASONS HEAT AND AIR
426818,LLC,YOUR JOHNSON CITY SUZUKI DEALER
428713,LLC,"SONG OF PSALMS, LLC"
428901,LP-88,"SONIC DRIVE-IN OF CHARLESTON, L.P."
430196,LLC,"ANDERSON SERVICES, LLC"
430823,CORP,"ALISON'S NAILS, INC."
430871,CORP,"ADAMSON SERVICES, INC."
430871,CORP,"ADAMSON SERVICES, INC."
431794,LLC,ALL SEASON SUNROOMS LLC
433461,CORP,"SONEX SOUTHEAST, INC."
436608,LLC,"SONIC DRIVE-IN, MEMPHIS, WINCHESTER, LLC"
436834,LLC,"ABRAMSON, LLC"
437252,CORP,SONGFAIR INC.
437717,LLC,"SONGS OF BLUE MERLE, LLC"
439784,LLC,"SON & SON, LLC"
439831,CORP,"ALL SEASONS BUILDERS, INC."
440128,CORP,"ACCENT MASONRY CONTRACTORS, INC."
440856,LLC,"BROWN AND SONS TRUCKING, LLC"
441098,CORP,"BATSON SOFTWARE & SYSTEMS, INC."
441887,LLC,"SONIC DRIVE-IN, ANTIOCH, BELL RD.,L.L.C."
442267,CORP,"SONGWRITINGUSA, INC."
442797,LLC,"147 JEFFERSON, L.L.C."
444405,LLC,ADDISON ROAD
444528,CORP,"ALLSEASONS SERVICES, INC."
445534,CORP,"A & D ROBINSON, INC."
445856,LLC,"ANDERSON'S SHUTTLE SERVICE, L.L.C."
446417,CORP,"ALL SONS SPA & POOL REPAIR, INC."
446718,CORP,SONG FLOWER MUSIC CORPORATION
447764,LLC,A. PARKER & SONS PLUMBING LLC
447764,LLC,A. PARKER & SONS PLUMBING LLC
449652,CORP,"ABLE MASONRY, INC."
449838,CORP,ALLU & SONS CYCLE CO.
449838,CORP,ALLV & SONS CYCLE CO:
451069,CORP,"SONALYSTS, INC."
453990,CORP,"AUBREY CASH & SONS, INC."
454929,LLC,"SONGBIRD ENTERTAINMENT, LLC"
457487,CORP,A NEW MILLENUM CHILDCARE ACADEMY/ROBERT ANDERSON INC.
457578,LLC,"SONIC DRIVE-IN, BARTLETT, TN, LLC"
457719,LLC,214 JACKSON LLC
458556,NCORP,"A REASONABLE OFFICER, INC"
459689,LLC,"SONG JOURNEY, LLC"
461600,LLC,"ADDISON CAPITAL ADVISERS, LLC"
462753,LLC,"SONGSTAD PROPERTIES, LLC"
462754,LLC,Allison's Catfish Restaurant
462754,LLC,"ALLISON'S CATFISH RESTAURANT, LLC"
462754,LLC,"ALLISON'S CATFISH RESTAURANT, LLC"
463287,LLC,"SONIC DRIVE IN OF BROWNSVILLE, TENNESSEE, L.L.C."
463836,LLC,SONA MED SPA
463843,CORP,"SONIC DONUT, INC."
464656,NCORP,APISON SADDLE CLUB
464943,CORP,"ANDERSONS FLOOR DESIGNS, INC."
465431,LLC,"ABHENSON, LLC"
466324,CORP,SONGBIRD
466574,CORP,"ANDERSON STANDLEY, INC."
468747,LLC,"SONGSHACK, LLC"
469990,CORP,"BROTHERS & SONS MARBLE & GRANITE, INC"
469997,LLC,"3785 EDISON, LLC"
470083,LLC,"SON SHINE TRUCKING, LLC"
471999,CORP,ABERNATHY HARLEY-DAVIDSON
471999,CORP,"ABERNATHY'S HARLEY-DAVIDSON, INC."
472273,LLC,"ALL SEASONS CATERING, LLC"
475320,CORP,"ALL SEASONS GENERAL CONTRACTORS, INC."
475684,LLC,"3503 RP Jackson Columns, L.L.C."
476531,CORP,"ACE HARDWARE OF MADISON, INC."
476533,CORP,"ALLISON'S DELI, INC."
476719,LLC,"BUBBA JOHNSON SAND AND GRAVEL, L.L.C."
476851,CORP,SONA INTERNATIONAL CORPORATION
477916,LP-88,"SONIC DRIVE-IN OF JEFFERSON CITY, L.P."
478065,LLC,"119 MADISON PROPERTIES TENNESSEE, LLC"
480392,LLC,"SONIC COLLEGEDALE, TN NO. 1, LLC"
481348,CORP,"SON HUNTER, INC."
481614,LLC,SONGS BY ACCIDENT LLC
482627,NCORP,"Allison Speer Ministries, Inc."
482966,LLC,"SONIC DIVISIONAL OPERATIONS, LLC"
483029,CORP,2ND MILLENIUM BUILDERS & MASONRY INC.
483361,LLC,"SONGS FOR YOU, LLC"
483762,NCORP,"SONA ADVERTISING FUND, INC."
484456,LLC,"SONGSCAPE MUSIC, LLC"
484565,CORP,"BEASON/SUTHERLAND CONSULTING, INC."
484884,LLC,"4 SEASONS LAWNCARE & LANDSCAPING, LLC"
484884,LLC,"4 SEASONS LAWNCARE & LANDSCAPING, LLC"
486843,LLC,"ANDERSON-SUBER DEVELOPMENT COMPANY, LLC"
487091,LLC,"SONG GARDEN MUSIC GROUP, LLC"
488717,CORP,"MASONARY SPECIALTIES, ETC., INC."
490126,CORP,"A.T. SONS INVESTMENTS, INC."
490126,CORP,"A.T. SONS INVESTMENTS, INC."
490245,LLC,"ABSON HEALTH, LLC"
490352,LLC,"BOSON SOFTWARE, LLC"
491335,LLC,"132 GRAYSON, LLC"
491336,LLC,"1782 EAST PERSON, LLC"
491748,LLC,ANDERSON AND SONS-EXECUTIVE PARK LLC
491869,LLC,ACCURIDE HENDERSON LIMITED LIABILITY COMPANY
492303,CORP,SONG & SONG CORPORATION
493849,CORP,"ALL SEASONS LAWN CARE & LANDSCAPING, INC."
494219,NCORP,"246 WILSON PIKE CIRCLE CONDOMINIUM ASSOCIATION, INC."
494981,LLC,"1867 HIGHWAY 70 JACKSON, LLC"
496803,LLC,"BT DAWSONVILLE ASSOCIATES, LLC"
497173,CORP,"SONAL INVESTMENTS, INC."
497351,LLC,"4 C SONS, LLC"
497351,LLC,"4 C SONS, LLC"
497402,LLC,"SONIC DRIVE-IN, ALGOOD, TN, L.L.C."
497720,CORP,"ANDERSON & STRUDWICK, INCORPORATED"
499989,LLC,"21 SONGS, LLC"
500200,CORP,"ALL SEASONS ENTERTAINMENT, INC."
501092,LLC,4 SEASONS CONSTRUCTION MGT. LLC
501092,LLC,4 SEASONS CONSTRUCTION MGT. LLC
501246,LLC,"A & T ACCENT MASONRY, LLC"
501282,LLC,BELLE MEADE STONEMASONS LLC
502737,LLC,"SONGWRITER RADIO, LLC"
503570,CORP,"BAKER, CAMPBELL & PARSONS TITLE SERVICES, INC."
507275,CORP,"BOWMAN & SONS CONSTRUCTION CO., INC."
508956,LLC,ADDISON INVESTMENTS LLC
509194,LLC,SONA MEDSPA OF MEMPHIS
509282,LLC,ARWOOD & SONS TRUCKING LLC
509391,CORP,BRAHMANI MATAJI CORP. D/B/A HINSON'S MKT.
511729,CORP,"A.A. JACKSON & ASSOCIATES, INC."
513766,LLC,"SONGFIGHTER, LLC"
514613,LLC,"SONIC DRIVE-IN, MEMPHIS, TN, N. HOUSTON LEVEE, LLC"
515036,LLC,4 SEASONS HORSE RANCH LLC
515036,LLC,4 SEASONS HORSE RANCH LLC
515505,CORP,4 SEASONS REAL ESTATE INC.
515505,CORP,4 SEASONS REAL ESTATE INC.
515572,CORP,"SON SHINE EQUIPMENT, INC."
516476,CORP,ALL SEASONS REALTY GROUP INC.
517306,CORP,"A-A-A BRILEY AT ROBERTSON GP, INC."
517579,NCORP,A NEW SONG MINISTRIES
518756,CORP,"SON OF A BOB, INC."
520155,CORP,AAMCO TRANSMISSIONS AND SERVICE CENTER OF JOHNSON CITY
520513,CORP,"A C PATTERSON, INC"
520595,LLC,"67 MADISON GENPAR, LLC"
520599,LP-88,"67 MADISON PARTNERS, LP"
520745,LLC,SON COMPANIES LLC
521748,LLC,"2115 MADISON, LLC"
522834,LLC,2016 DAWSON L.L.C.
523670,LLC,670 MADISON LLC
524614,LLC,SON SHINE CRAFTS AND COLLECTIBLES L.L.C.
524654,CORP,"Songwriters Ink, Incorporated"
526012,LLC,"SONGBIRD AVIATION, LLC"
526238,LLC,"SONBRIGHT GROUP, LLC"
528368,LLC,"ALLEY AND SONS REAL ESTATE,LLC"
529827,LLC,"SONGS OF QUIETDRIVE, LLC"
530487,CORP,"SONIA ENTERPRISES, INC."
531120,NCORP,"107 MADISON AVENUE CONDOMINIUM OWNERS' ASSOCIATION, INC."
531533,LLC,BENSON SETTLEMENT COMPANY LLC
532304,LLC,"SONIC DRIVE INN OF COLLEGEDALE TN, LLC"
532304,LLC,"SONIC DRIVE-IN OF COLLEGEDALE TN, LLC"
532305,LLC,"SONIC DRIVE INN OF RINGGOLD GA, LLC"
532305,LLC,"SONIC DRIVE-IN OF RINGGOLD GA, LLC"
532306,LLC,"SONIC DRIVE INN OF SODDY DAISY TN, LLC"
532306,LLC,"SONIC DRIVE-IN OF SODDY DAISY TN, LLC"
532694,LLC,"A LA MAISON, LLC"
533183,LLC,SONG BIRD PROPERTIES LLC
533786,LLC,"AAA RENT A SPACE TO GO OF JACKSON, LLC"
534265,LLC,"BRADLEY & SONS PLUMBING, LLC"
535354,CORP,"ANDERSON STUDENT HOUSING SOLUTIONS, INC"
535516,LLC,BROBERG AND SONS LLC
537179,CORP,"ABEL & SON MILLENNIUM WAY, INC."
537255,LLC,"235 JEFFERSON, LLC"
538765,CORP,SONAMED CORPORATION
538849,LLC,"ACTIVE MASONRY, LLC"
539154,LLC,"A TO Z TILE & MASONRY, LLC"
539387,CORP,"SONG, INC."
540585,LLC,SONADOR LLC
540630,CORP,"BILL THOMAS & SONS HEATING AND AIR, INC."
541415,CORP,BROTHERS AND SONS INC.
541996,LLC,"ADAM RICHARDSON, LLC"
542004,CORP,BROTHERS AND SONS AUTOMOTIVE CORP.
542260,LLC,"ANDERSON STREET PARTNERS, LLC"
544352,LLC,"SONIC DRIVE-IN, HENDERSONVILLE, TN, #3, LLC"
544603,NCORP,"ABUNDANT LIFE CHRISTIAN FELLOWSHIP OF JOHNSON COUNTY, INC."
545869,LLC,ACHESON CONSULTING LLC
546828,LLC,"SONIC DRIVE-IN OF PARIS, LLC"
547090,CORP,"ACCESSONE MEDCARD, INC."
548173,LLC,SONIC DRIVE-IN OF TIFTONIA LLC
548253,LLC,"ATKEISON'S CONCRETE CONSTRUCTION, LLC"
548674,LLC,BEENE & SONS CONSTRUCTION L.L.C.
549116,LLC,"A & C ANDERSON, LLC"
550151,LLC,"1708 JEFFERSON AVENUE, LLC"
552300,CORP,ANDERSON'S MARKET & DELI.
552382,LLC,"SONIC DRIVE-IN LOUDON 2413, LLC"
553723,LLC,"SONIC DRIVE-IN, COLLIERVILLE-SHL, LLC"
554560,CORP,"ANDERSON'S CONSTRUCTION, INC."
554633,LLC,"BRINSON'S BANQUETS, LLC"
555193,LLC,"4 SEASONS HOME CLEANERS, LLC"
555193,LLC,"4 SEASONS HOME CLEANERS, LLC"
556106,CORP,"ASSOCIATED MASONS, INC."
558383,LLC,"1019 DAVIDSON, LLC"
558383,LLC,"1021 DAVIDSON, LLC"
558609,LLC,SongPoem.com
558827,CORP,#1 JACKSON TRUCKING COMPANY INC
560539,LLC,"ALOSONS 3 INVESTMENTS, LLC"
560940,LLC,"ALL SEASONS SERVICES, LLC"
561071,LLC,ALL SEASONS COMFORT LLC
561434,CORP,SONG CITY INC.
562059,CORP,"3 SONS CREATIVE, INC."
562059,CORP,"3 SONS CREATIVE, INC."
562086,CORP,A. ALLISON CARPENTER & ASSOC. INC.
563089,NCORP,SONGS ON A MISSION
565610,CORP,A Heavenly Sonshine Service Co.
565610,CORP,A Heavenly Sonshine Service Co.
565698,CORP,"BROWN AND SONS LTD, INC."
565839,LP-88,"SONIC DRIVE-IN OF BENTON, LP"
566151,LLC,"BRADLEY & SONS, LLC"
566534,LLC,2453 & 2455 WILSON RD. LLC
567987,LLC,"A+ MANAGEMENT HENDERSONVILLE, LLC"
568438,LLC,"SONAR DATABASE MARKETING SOLUTIONS, LLC"
568688,NCORP,"(JASON'S DREAM TEAM), INC."
568688,NCORP,"(JASON'S DREAM TEAM), INC."
568960,CORP,SONA ENTERPRISES INC
569132,LLC,"SONGS BY ACCIDENT MUSIC, LLC"
569132,LLC,Songs On Purpose Music
569439,LLC,"A. G. EDWARDS & SONS, LLC"
569439,LLC,"A. G. EDWARDS & SONS, LLC"
569537,LLC,"A PERSONAL TOUCH LAWN & LANDSCAPE, LLC"
569925,LLC,"4 SEASONS LAWNS & MORE, LLC"
569925,LLC,"4 SEASONS LAWNS & MORE, LLC"
570656,LLC,"ALL SEASONS PRECISION LANDSCAPE COMPANY, LLC"
572295,LLC,ALL SEASON STORAGE
572337,LLC,"SONA BRENTWOOD, LLC"
575163,NCORP,A.C. WILSON FAMILY FOUNDATION
575540,CORP,"ALL SEASONS AIR PROVIDER, INC."
576143,CORP,"SONALYSTS, INC."
576214,LLC,SONGFOREST LLC
577656,CORP,SONIC BILGE INC.
578432,LLC,"SONIC DRIVE-IN MONTEAGLE TN REALTY, LLC"
579829,CORP,"ACCESS ONE CONSUMER HEALTH, INC."
582516,NCORP,BISON SOCCER BOOSTER CLUB
582822,NCORP,ANDREW JOHNSON SCHOOL - PARENT TEACHER ORGANIZATION
584732,CORP,"SONGWRITING MEDIA, INC."
584758,LLC,"SONIC DRIVE-IN MONTEAGLE TN, LLC"
586580,NCORP,ANDREW JACKSON SCHOOL PTO
586774,CORP,SONIC CELLAR PRODUCTIONS
587038,NCORP,SONGS OF PRAISE MINISTRY
587858,LLC,Songs of Patriot Games
587860,CORP,SONAR NETWORKING INC.
588761,LLC,"14050 MADISON AVENUE, LLC"
588775,NCORP,"SON SHIP MINISTRIES, INC."
588809,LLC,"BILL CHOATE AND SONS PLUMBING, LLC"
588997,LLC,"BUD DUNN & SONS FARM, LLC."
590564,LLC,"SONFISH, LLC"
590625,CORP,"SONG VALLEY MUSIC, INC."
590987,CORP,"ALLEN & SONS DEVELOPERS, LLC"
590987,CORP,"ALLEN & SONS DEVELOPMENT, INC."
591691,CORP,"ADDISON BAY INSURANCE BROKERS, LTD., INC."
591772,CORP,1 MAN 1 TRUCK HENDERSONVILLE
592592,CORP,SONA INCORPORATED
593716,LLC,"597 MADISON AVENUE, LLC"
594162,LLC,ALL SEASONS HOME MAINTENANCE LLC
595488,LLC,"ANDERSONS FLOOR DESIGNS, LLC"
596716,NCORP,SONG OF SOLOMON
597131,LLC,"ANDERSON SELLERS ENTERPRISES, LLC"
597158,LLC,"SONGS OF NICHOLSON, LLC"
597473,LLC,SONGBIRD MUSIC
597768,LLC,"4TH AND MADISON, LLC"
598512,LLC,"SONG-WRITERS IN THE ROUND, LLC"
599233,LLC,"SONG SESSIONS, LLC"
600877,CORP,"ALL SEASONS LAWN MANAGEMENT, INC."
602828,LLC,"2937 MADISON AVENUE, LLC"
602979,CORP,BARBERA & SONS CONSTRUCTION INC.
603353,CORP,"1963 JACKSON, INC."
603358,LLC,ADAMS ONE LLC
605352,NCORP,SON VALLEY RANCH
605352,NCORP,"SON VALLEY RANCH, INC"
606739,LLC,4 Days Only Furniture
607337,LLC,"BENSON SCULPTURE, LLC"
608545,LLC,BENNETT & SONS TRUCKING LLC
609092,LLC,SONADAR LLC
609092,LLC,SONADOR ENTERTAINMENT LLC
609385,LLC,BLAIR'S SONSHINE KINGDOM LLC
609821,LLC,"SONGWRITER GIRL, LLC"
610366,LLC,ACOUSTISONIC PRODUCTIONS LLC
610499,CORP,"SONGNESS, INC."
610815,LLC,ACCENT MASONRY & CONSTRUCTION LLC
610815,LLC,ACCENT MASONRY LLC
613099,LLP,"942 JEFFERSON STREET, LLP"
613099,LLP,"942 JEFFERSON STREET, LLP"
614439,CORP,"A Soldier's Song, Inc."
614511,LLC,SONEK'S DAY SPA PLLC
616005,LLC,"SONGTAK, LLC"
616248,CORP,"All Seasons Roofing, Inc."
616348,LLC,BROOKS & SONS LLC
617751,LLC,"So. Northshore Carwash, LLC."
617964,LLC,Allison-Smith Company LLC
621100,CORP,"Binson's Hospital Supplies, Inc."
622022,LLC,1217 Songs
623262,CORP,"Access One of America, Inc."
623919,LLC,"SongCastle Entertainment, LLC"
624778,CORP,"Song Catchers Music, Inc."
624891,LLC,Songbird Studios LLC
624920,LLC,Bryson Strategic Solutions LLC
625542,CORP,SONE DESIGN INC.
625691,LLC,Songs of Patriot Games
628815,LLC,"SONIC AVIATION, LLC"
629927,LLC,"Songs of MPR, LLC"
630361,LLC,"All Seasons Heating & Cooling, LLC"
631374,CORP,all Seasons Heating and Air Inc
632520,CORP,ADDISON ANDREW CORPORATION
632896,LLC,"0 Dickerson Pike, LLC"
634171,LLC,3 Angels on Broad
635009,LLC,A.V. ANDERSON PROPERTIES LLC
637230,LLC,"Sonic Air, LLC"
637418,CORP,"ALL SEASONS MECHANICAL, INC"
638549,LLC,"3rd and Madison, LLC"
638730,LLC,"Soni Dental Excellence,PLLC"
639281,CORP,"Soni, Inc"
644106,LLC,"Bobby Luttrell & Sons, LLC"
645404,LLC,ABP TN (Madison) LLC
646295,LLC,"1211 HIXSON PIKE, LLC"
646422,CORP,"A-Son's Construction, Inc."
647215,LLC,ALL SEASONS LAWN & LANDSCAPE SOLUTIONS CO.
647215,LLC,All Seasons Lawn & Landscape Solutions LLC
647339,LLC,"Songs to Feed Africa, LLC"
647888,LLC,"Sona MedSpa Physician Group, PLLC"
647912,NCORP,"Songs for Sound, Inc."
648188,LLC,"4 Seasons Tree Service, LLC"
648188,LLC,"4 Seasons Tree Service, LLC"
648615,CORP,"All 4 Seasons, Inc."
648865,CORP,"SONGBIRD RECORDS, INC"
648978,LLC,SON SUPERIOR STAFFING PLLC
649742,LLC,Songbird Camp
649978,LLC,"Songs of Merf Music, LLC"
650680,GP,ANDERSON'S PAVING
651327,NCORP,Bison Select Youth Football League
651344,CORP,ALLISON SMITH MD CORP.
651687,LLC,SON OF BURLINGTON PRODUCTIONS LLC
651785,LLC,"Burleson Services, LLC"
652174,CORP,4 Seasons Market
652174,CORP,4 Seasons Market
653166,LLC,"A New Song Cleaning and Organizing Services, LLC"
654078,CORP,"BJ'S and Sons Contracting Co, Inc."
654724,LLC,125 JACKSON PARTNERS LLC
654804,LLC,1351 MADISON LLC
655559,NR,"Action Masonry Construction, LLC"
655754,LLC,"2 Hendersons, LLC"
655754,LLC,"2 Hendersons, LLC"
656425,CORP,Sona Express
658501,LLC,SONGBIRDS LLC
659245,LLC,"Sonco Investments, LLC"
659666,LLC,54 JACKSON LLC
660113,LLC,158 MADISON LLC
660163,CORP,SO NOSEY INC.
661017,CORP,"Anderson Striping, Inc."
661829,LLC,"119 Madison Properties, LLC"
661893,LLC,Son Cured Records LLC
663971,LLC,A-1 Masonry LLC
664199,LLC,AC Donelson
664199,LLC,AC Donelson Service Experts
664199,LLC,AC Donelson Service Experts
665578,LLC,"SONIC DRIVE-IN, LEBANON WEST MAIN, L.L.C."
665671,CORP,"Berry & Sons Expert Tree Service, Inc"
666914,CORP,"Aronson Security Group, Inc."
667322,LLC,"All My Sons Moving & Storage of Memphis, Inc."
667322,LLC,"All My Sons Moving & Storage of Memphis, LLC"
667788,LLC,"All My Sons Moving & Storage of Knoxville, Inc."
667788,LLC,"All My Sons Moving & Storage of Knoxville, LLC"
668381,NR,"Songs In The Attic, LLC"
668427,LLC,Song Kidd Enterprises LLC
668540,LLC,"ANDERSON SALES, LLC"
669680,LLC,"5244 Riversong Partners, LLC"
670025,CORP,SONAR 101 INC.
670288,CORP,ABIMSON CORP.
670503,LLC,10-DISC DVD SERIES ON HOME REPAIR LLC
672782,LLC,"Autobody Advantage of Thompson's Station, LLC"
675184,LLC,ANDERSON'S RUSH TRANSPORT LLC
676411,LLC,SONATA COVE SOFTWARE LLC
676693,NCORP,Billy Reasons Military Support Foundation
677430,NCORP,"Songwriters Guild of America, Inc."
677727,LLC,"Allen & Sons Developers, LLC"
677869,CORP,"ALL SEASONS GAS GRILL & FIRESIDE SHOP, INC."
678263,LLC,A Personal Touch By Shirley LLC
679405,LLC,Abramson LLC
680518,LLC,"SongTownUSA.com, LLC"
681303,GP,Songwriters Spotlight
681303,GP,"Songwriters Spotlight, LLC"
681381,LLC,"4020 Jimmy Gray Robinson, LLC"
681646,LLC,"Sonic Drive-In, Arlington, TN, LLC"
683268,CORP,"SongNess Music, Inc."
683682,CORP,Song Chen Inc.
683894,LLC,"BOWMAN & SONS SEALCOATING & STRIPING, LLC"
684871,LLC,"Songs of Land Run, LLC"
686822,CORP,3seasons Inc.
686822,CORP,3seasons Inc.
687430,CORP,"Song & Park, Inc."
687758,LLC,ALL SEASONS GROUND MAINTENANCE LLC
688673,LLC,"Sonic Drive-In of Dayton Pike, LLC"
689510,GP,Brooks and Sons
689842,LLC,Bryson's Transportation LLC
690901,NR,"SONGS IN THE ATTIC, LLC"
691085,LLC,"SONG STASH, LLC"
691085,LLC,"SONGSTASH, LLC"
691208,LLC,SongAfter LLC
691692,LLC,Absolute Masonry LLC
692258,LLC,"305 Jefferson, LLC"
693329,LLC,"Songster-Linden Associates, LLC"
694598,LLC,AH Sons LLC
695081,LLC,SONALKISS LLC
696925,CORP,(DBA) Dickson Chiropractic
698945,LLC,Songbird Tennessee Investments LLC
699428,CORP,3954 JACKSON INC.
700970,CORP,"Bond And Sons Dealership, Inc."
701957,LLC,"201 Samsonite Boulevard Holdings, LLC"
702321,LLC,Songbird Studios LLC
703915,LLC,ALL SEASONS RESTORATION LLC
705227,LLC,"SONGBIRD MEDIA, LLC"
705556,LLC,BBM & Sons LLC
707693,GP,ALTON ANTHONY & SONS PAINTING
708403,LLC,"Song and Film, LLC"
709529,LLC,"SongTracks, L.L.C."
709748,LLC,All Seasons Property Maintenance L.L.C.
709829,NCORP,3 Seasons Community Theatre
709829,NCORP,3 Seasons Community Theatre
710080,LLC,"Addison Clinical Consulting, LLC"
711371,CORP,Absolute Rental Hendersonville
712020,LLC,"SONGS OF DORADO, LLC"
712235,LLC,"Accurate Personnel, LLC"
713928,CORP,All Seasons Marine and Auto Repair
713928,CORP,"All Seasons Marine, Inc"
716131,CORP,Songs From The Penalty Box
717373,LLC,Son Of A Gun LLC
718056,LLC,"Bohannon & Sons Enterprises, LLC"
719950,LLC,"130 Chandler Dickson TN, LLC"
723130,LLC,"510 South Jefferson, LLC"
724781,LLC,"5714 Edmondson Investors, LLC"
726881,LLC,Boone & Sons Market
728181,LLC,@Work Personnel Services
729272,LLC,Beason's Veterinary Service LLC
730137,LLC,"Sonali Deo, M.D., PLLC"
731138,LLC,"AC Masonry, LLC"
731958,CORP,SONA FUELS INC
732829,CORP,1950 Madison Avenue Incorporated
734665,CORP,"Songstand, Inc."
735500,CORP,SongFlex Corp
735988,CORP,"A.D. Morrison, Incorporated"
738272,NCORP,Abby Gibson Memorial Foundation
738568,NCORP,Sonalkiss Foundation
739554,LLC,"Alan and Sons, LLC"
740178,LLC,"416 West Jackson, LLC"
741525,NCORP,"528 Stevenson Townhomes Owners Association, Inc."
742072,LLC,"SONA Land Company, LLC"
743256,CORP,"3 Sons Commercial Roofing, INC"
743256,CORP,"3 Sons Commercial Roofing, INC"
745336,LLC,"Anderson Shipping Services, LLC"
748011,LLC,ABSONI. LLC
749284,CORP,"Blair and Sons Trucking, Inc."
750632,LLC,"Songs of Starstruck, LLC"
751014,LLC,Songwriting Escape
752659,LLC,2 Sons Kitchen and Market
752659,LLC,2 Sons Kitchen and Market
753451,NCORP,"505 STEVENSON STREET TOWNHOMES HOMEOWNERS' ASSOCIATION, INC."
753451,NCORP,"505 STEVENSON STREET TOWNHOMES HOMEOWNERS' ASSOCIATION, INC."
754802,LLC,All Seasons Construction LLC
754892,LLC,"Sonic Drive-In of Ooltewah, TN, LLC"
755069,LLC,"Access One Delivery, LLC"
755267,CORP,AARYAN SONI INC
757043,CORP,717 dickerson rd inc
758755,LLC,"ALLISON'S BFGLT, LLC"
758824,LLC,"2430 Madison Street, LLC"
758824,LLC,"2430 Madison Street, LLC"
761104,LLC,9Round Hixson
761266,LLC,311 West Jackson Blvd LLC
761568,LLC,SONIC BOOM INTERACTIVE LLC
762649,CORP,All Seasons Mechanical Inc
762904,CORP,"SONGSPACE, INC."
764171,LLC,"ARCP DG Parsons TN, LLC"
765313,LLC,"All Seasons Contract Services, LLC"
766071,LLC,"A Touch of Soul Seasoning, LLC"
766302,LLC,7 Seas Johnson City LLC
766333,NCORP,"509 Stevenson Street Townhomes Homeowners' Association, Inc"
766333,NCORP,"509 Stevenson Street Townhomes Homeowners' Association, Inc"
766594,CORP,"Songstad Enterprises, Inc."
767027,LLC,"1829 Hendersonville Road, LLC"
768110,NCORP,5115 HILSON COTTAGES CORPORATION
770631,LLC,312 WILSON PIKE CIRCLE PARTNERS LLC
774275,LLC,"1821 Jefferson Development, LLC"
774363,CORP,4 Seasons Lawn Care Inc
774363,CORP,4 Seasons Lawn Care Inc
777212,LLC,"4 Seasons Heating and Air of Lanett, LLC"
777212,LLC,"4 Seasons Heating and Air of Lanett, LLC"
780431,LLC,"SONADOR CAPITAL PARTNERS, LLC"
780454,LLC,"4-Evergreen Jackson, LLC"
780499,LLC,"4 Seasons Lawn and Property Maintenance, LLC"
780499,LLC,"4 Seasons Lawn and Property Maintenance, LLC"
781090,LLC,"3 Sons Media, LLC"
781090,LLC,"3 Sons Media, LLC"
781410,CORP,"Song Suffragettes, Inc."
782187,LLC,Sonburst Solutions LLC
783662,LLC,Albert & Sons Trucking LLC
784387,LLC,"All Season's Towing and Recovery, LLC"
785012,CORP,"Blay and Sons, Corporation"
785141,LLC,Song House LLC
785307,LLC,SonderWerk LLC
789671,LLC,"1893 McPherson Rd., Memphis, LLC"
793186,LLC,"4 Seasons Media Group, LLC"
793186,LLC,"4 Seasons Media Group, LLC"
793187,LLC,"934 Jefferson, LLC"
793311,LLC,"3976 Dickerson Pike, LLC"
793852,NCORP,4 Every Season Landscaping Inc
793858,LLC,"1826 Jefferson Street Apartments, LLC"
793858,LLC,"1826 Jefferson Street Apartments, LLC"
795932,LLC,1717 Crimson Circle LLC
796001,LLC,"4 Seasons Landscape & Lawn Care, LLC"
796001,LLC,"4 Seasons Landscape & Lawn Care, LLC"
797140,LLC,"SONGWRITERS SINGING FOR COFFEE, LLC"
797552,LLC,"25 S Main Madisonville, LLC"
797838,LLC,210 Wilson Pike LLC
798209,LLC,"2816 Dickerson, LLC"
798247,LLC,1893 McPherson Dr LLC
799033,LLC,Anderson & Sons Concrete LLC
800156,LLP,"SONGS OF THE SOUTH, LLP"
800611,LLC,BROOKS AND SONS LLC
800953,CORP,A.P. Woodson Company
801177,LLC,Bensons Pharmacy LLPC
801227,LLC,"All My Sons of Murfreesboro, Inc."
801227,LLC,"All My Sons of Murfreesboro, LLC"
801549,LLC,"Adams & Son Roofing & Construction, LLC"
801904,LLC,"Song for the Broken, LLC"
802503,CORP,All Seasons Doula
802503,CORP,All Seasons Doula Services INC.
803076,LLC,"All Seasons Sales and Rentals, LLC"
803081,CORP,"All Seasons Travel Group, Inc."
803774,LLC,"Arrison Squared, LLC"
803961,LLC,Songwriter City
804516,LLC,Addison Durant
805596,NCORP,"Abundant Life Church of Jackson, TN"
806048,LLC,"Songbirds, LLC"
807123,NCORP,"1707 Allison Place Cottages Homeowners' Association, Inc."
807541,LLC,35 JACKSON LLC
809165,CORP,BLACKBURNE & SONS REALTY CAPITAL CORPORATION
809309,LLC,"Booker Robertson & Slaughter, LLC"
809309,LLC,"Booker Robertson & Slaughter, LLC"
809633,LLC,3201 Dickerson Properties LLC
812780,LLC,"Action Jackson Delivery, LLC"
814069,NCORP,"Song of Grace Fellowship, Inc."
815974,LLC,"1000 Thompson Place Holdings, LLC"
815975,LLC,"1020 Thompson Place Holdings, LLC"
816824,CORP,ADAM MASONRY INC
818413,LLC,"14 NELSON STREET SERVICES, LLC"
818413,LLC,"14 NELSON STREET SERVICES, LLC"
818548,NCORP,"1701 Allison Place Townhomes Homeowners' Association, Inc."
818565,NCORP,"1703 Allison Place Townhomes Homeowners' Association, Inc."
819676,LLC,93 JACKSON LLC
820747,NCORP,5801 ROBERTSON AVENUE TOWNHOMES CORPORATION
820892,LLC,SoNASH
821511,LLC,"ACS Jefferson City Plaza TN, LLC"
824662,LLC,"60 Madison Garage, LLC"
825861,LLC,"Action Jaxson, LLC"
826475,LLC,All Season Suites
829949,LLC,"Son Transportation,LLC"
831354,NCORP,Al Shams #736 Modern Free And Accepted Masons
834582,LLC,660 Jefferson LLC
836980,LLC,"5915 Robertson, LLC"
837265,LLC,"4 SEASON LAWN SERVICE, LLC"
838361,NCORP,Brunson's Inner City Youth Organization Inc.
840061,LLC,257-259 Madison LLC
841185,LLC,"100 Thompson, LLC"
844726,LLC,Songman LLC
845400,LLC,"79 Madison Avenue, LLC"
846876,CORP,SONA CORPORATION
847212,LLC,"Bock and Sons Company, LLC"
847527,CORP,A Rising Son Construction
847527,CORP,"A Rising Son, Inc."
847527,CORP,"A Rising Son, LLC"
848313,NCORP,8 Lives On
849123,LLC,Anderson's Shuttle LLC
850823,LLC,"Sonance Solutions, LLC"
851963,LLC,"1813 TP White-Jacksonville, LLC"
852323,LLC,"1 FCM Songs, LLC"
852666,LLC,26Songs LLC
854294,LLC,Alan and Sons Heavy Haul LLC
854312,LLC,Alan and Sons LLC Pilot Car Service
854467,LLC,All Seasons Home Improvement LLC
854735,LLC,"Addison Clark, LLC"
855672,NCORP,4417 JJ Watson Avenue Townhomes Corporation
855994,LLC,"ATV & SONS, LLC"
857266,CORP,AB & SONS INC
857266,CORP,AB & SONS INC
857645,LLC,"Sonic Drive-In Restaurant Brownsville TN, LLC"
858292,LLC,6108 JILSON ROAD LLC
858710,CORP,"All Four Seasons, Inc."
858813,LLC,"ABC Masonry, LLC"
860207,NCORP,"1818 Allison Place Townhomes Homeowners' Association, Inc."
861610,GP,A&A Masonry
862376,LLC,"Son Spring Investments, LLC"
862440,LLC,"Absolute Masonry, LLC"
864142,NCORP,5919 Robertson Avenue Townhomes Corporation
864143,NCORP,5921 Robertson Avenue Townhomes Corporation
867356,LLC,"Song Pharmacy, LLC"
869614,LLC,Songs by K Lynn LLC
869847,CORP,"Sonic Drive-In of Somerville, Inc."
870608,CORP,"1Person1Paw.com, Inc."
871016,LLC,BECKY GLEASON STATE FARM AGENCY LLC
871525,LLC,"Anderson Staffing, LLC"
872207,LLC,A.H. & SON HAULING LLC
872844,LLC,"2115 BRANSON, LLC"
873233,LLC,Adams & Sons Distributing LLC
873233,LLC,Adams & Sons Distributing LLC
877324,NCORP,"100 Women of Williamson County, INC"
877685,LLC,"SongBird Tours, LLC"
879585,NCORP,"Songbirds Foundation, Inc."
881152,LLC,Songs of Hadley
881507,LLC,"Anderson & Small, PLLC"
881900,CORP,A & R Masonry Inc.
885729,CORP,A E Watson Construction Inc.
886491,CORP,"4 Seasons Catering, Inc."
886491,CORP,"4 Seasons Catering, Inc."
886954,NCORP,2216 Wickson Avenue Townhouse Corporation
886955,NCORP,2218 Wickson Avenue Townhouse Corporation
887073,CORP,"Adam and Sons Transport, Inc"
887073,CORP,"ADAMS & SONS TRANSPORT, INC."
887073,CORP,"Adam and Sons Transport, Inc"
887073,CORP,"ADAMS & SONS TRANSPORT, INC."
887288,CORP,All Seasons Realty
887371,NCORP,"566 Stevenson Townhomes Association, Inc."
887997,LLC,"SONGPRENEURS, LLC"
889202,LLC,SonalSystem LLC
889274,LLC,"BENSONS PHARMACY II, PLLC"
889699,LLC,Son Rise Construction LLC
890600,NCORP,1809 Allison Place Townhouse Corporation
890713,LLC,"Arthur & Sons Trucking, LLC"
892522,CORP,A&W MASONRY INC
893044,LLC,"A Season to Remember Cabin Rentals, LLC"
894130,LLC,Son & Daughter LLC
895124,NCORP,531 Stevenson Commons Association Inc.
895992,NR,"Action Masonry Construction, LLC"
896159,LLC,"Above the Rest Personal Security, LLC"
898951,CORP,AAA ORIENTAL RUG INC OF JOHNSON CITY
902580,LLC,3401 Anderson LLC
903314,NCORP,"Betty Anderson Service Dog Foundation, Inc."
906642,LLC,"Songshine Media, LLC"
907914,CORP,Sona Properties Inc
911562,LLC,"All Seasons Heat and Air, LLC"
911605,NCORP,A Different Hug from the Masons
911605,NCORP,A Different Hug from the Masons
912752,NCORP,"508 Stevenson Street Townhomes Homeowners' Association, Inc"
912752,NCORP,"508 Stevenson Street Townhomes Homeowners' Association, Inc"
915251,LLC,"Songs In The Key of B, LLC"
915670,LLC,SONDAD ARTS & ENTERTAINMENT LLC
916056,CORP,ALLEN & SONS TRUCKING INC
918864,CORP,Sonesta International Hotels Corporation
919638,LLC,1982 Madison LLC
920659,LLC,"ADDENBROOKE OF DAVIDSON COUNTY, LLC"
920877,CORP,A & G Sons Inc
920877,CORP,A & G Sons Inc
921494,CORP,ANN'S SONS TRUCKING INC
922958,LLC,"Son Rise Diner, LLC"
926413,NCORP,"119 Mason Avenue Homeowners Association, Inc."
926557,CORP,"Song Assembly, Inc."
927895,LLC,"Benson & Son Construction, LLC"
928382,LLC,2100 Wilson LLC
928408,LLC,"Songs by L Wilson, LLC"
931506,LLC,502 Wilson Pike LLC
937744,CORP,"1-on-1 Personal Training, Inc."
938127,LLC,"8904 SONY LANE, LLC"
938572,CORP,3 Son's Transportation Inc
938572,CORP,3 Son's Transportation Inc
939567,LLC,"35Personalities, LLC"
939594,LLC,All Seasons Memorials
941136,CORP,Brad Passons Inc
943371,NCORP,"100 THOMPSON HOMEOWNERS ASSOCIATION, INC."
944396,LLC,BALAJI & SONS LLC
944931,LLC,"640 Thompson Lane, LLC"
945652,LLC,SongBuddy LLC
945794,LLC,Adamson RSD LLC
946320,LLC,"411 Thompson, LLC"
946608,LLC,A T Wilson Consulting Group LLC
949599,LLC,"A All Of The Time BailBonds - Williamson County, LLC"
949939,CORP,"Biggs & Sons, Inc."
949939,CORP,"Biggs & Sons, Inc. DBA The Honey Do Service, Inc."
950932,CORP,A & D MASONRY INC
951470,GP,4 Seasons Heating & Air
951470,GP,"4 Seasons Heating & Air, LLC."
951470,GP,4 Seasons Heating & Air
951470,GP,"4 Seasons Heating & Air, LLC."
953411,LLC,"4053 Allison, LLC"
953780,NCORP,"Anderson Street Condominium Owners' Association, Inc."
953910,LLC,All Seasons Sunrooms LLC
954444,LLC,"4 SONS HOME INSPECTION, LLC"
954444,LLC,"4 SONS HOME INSPECTION, LLC"
954468,LLC,405 Jackson LLC
955123,LLC,"Song and Laird Education Partners, LLC"
955935,LLC,"ALPHA & SONS, LLC"
956819,LLC,SON OF A BISCUIT LLC
959589,LLC,"Songlines, LLC"
959635,NCORP,532 STEVENSON STREET TOWNHOMES
959635,NCORP,532 STEVENSON STREET TOWNHOMES
961329,CORP,Addison's Ice Cream Shop Inc
962702,LLC,"2008 Johnson Partners, LLC"
963182,CORP,Sonder USA Inc.
964741,LLC,So Nashville LLC
965541,LLC,"A & V JACKSON PROPERTIES, LLC."
965870,LLC,A B & M Masonry and Landscaping LLC
966927,LLC,"Anderson's Home Repair, LLC"
968026,LLC,"Songwriters in Paradise, LLC"
970751,LLC,Bruyns & Sons LLC
971646,NCORP,"2+2 Jefferson Homeowners' Association, Inc."
972820,NCORP,1036 Iverson Townhouse Corporation
972938,LLC,530 Donelson LLC
973073,LLC,"2683 Thompson Station East, LLC"
973073,LLC,"2683 Thompson Station East, LLC"
974563,LLC,"24 JACKSON PROPERTIES, LLC"
974564,LLC,"244 JACKSON PROPERTIES, LLC"
975031,LLC,SONADA AGRO LIMITED
976929,LLC,Songfluencer LLC
977641,LLC,SONG RANCH PUBLISHING LLC
979069,LLC,"Anderson Supplies, LLC"
979950,LLC,4 sons automotive & bumper repair llc
979950,LLC,4 sons automotive & bumper repair llc
980653,LLC,Adam Wilson Realty
980653,LLC,"Adam Wilson Realty, LLC"
981021,LLC,"1115 Madison, LLC"
983342,LLC,"4 Tees Donelson, LLC"
984375,LLC,"Sona Beatha, LLC"
984789,LLC,Songwriting University 101
984789,LLC,Songwriting University 102
984789,LLC,Songwriting University 103
984789,LLC,"Songwriting University, LLC"
984968,LLC,"Benson's Baby Consulting, LLC"
986403,LLC,"SONGS FROM DOWNTOWN, LLC"
986431,NCORP,#jacksonsjourney
986431,NCORP,#jacksonsjourney
988075,LLC,1575 Wilson Pike LLC
988420,LLC,"Sonco Staffing Services,LLC"
990334,CORP,A Ya So Nice Inc
990845,GP,Son Shine Properties
995369,LLC,4 SEASONS PEST CONTROL LLC
995369,LLC,4 SEASONS PEST CONTROL LLC
996269,NCORP,"7TH AND MADISON HOMEOWNERS' ASSOCIATION, INC."
997286,LLC,Songs of Project Pat LLC
998757,LLC,All Seasons Elite Indoor Storage LLC
999062,LLC,"443 Donelson Pike, LLC"
1001302,LLC,"Sonbuilt Trailers, LLC"
1002446,LLC,Atlas Onsite llc
1003283,LLC,Soneil Ventures LLC
1004843,LLC,"Blue Cactus Onsted, LLC"
1004853,LLC,"512 Jackson TN, LLC"
1005342,LLC,"Austin Nelson's Strength Training, LLC"
1005929,LLC,"SONG SYNDICATE, LLC"
1007723,CORP,"A.D. CALL & SONS EXCAVATING AND TRUCKING, INC."
1007723,CORP,"A.D. CALL & SONS EXCAVATING AND TRUCKING, INC."
1007964,LLC,427 Madison Avenue Partners LLC
1008384,LLC,1688 Madison Partners LLC
1009606,LLC,BRE Space Tysons LLC
1010834,CORP,Black Girl Lessons Inc
1011230,LLC,108 Dickson LLC
1011911,LLC,"538 Johnson Lane, LLC"
1012457,LLC,SONGS OF MOJO LLC
1013438,LLC,SONIC DRIVE-IN OF REDBANK LLC
1016371,LLC,"Boss and Sons Painting, LLC."
1016465,CORP,Apison Solution Inc
1016736,LLC,"Barnett & Sons Wood and Dirt, LLC"
1017358,LLC,"Anderson's Trans, LLC"
1018494,CORP,"1802 MADISON ST, INC."
1018494,CORP,"1802 MADISON ST, INC."
1018883,CORP,"A.D. SUTTON & SONS, INC."
1018883,CORP,"A.D. SUTTON & SONS, INC."
1019681,LLC,Songcatchers Media LLC
1019876,LLC,son concrete llc
1020662,LLC,"Sonbok, LLC."
1020863,LLC,1416 Madison Street LLC
1020863,LLC,1416 Madison Street LLC
1021508,NCORP,SongFarm Philanthropic Ventures
1022429,LLC,Son of a Trucker LLC
1022723,LLC,"810 Jefferson Street, LLC"
1022723,LLC,"810 Jefferson Street, LLC"
1023037,NCORP,"100 THOMPSON MASTER ASSOCIATION, INC."
1024509,NCORP,71 Wilson Condominium Owners' Association
1024545,LLC,"Alison's Alcove, LLC"
1025950,LLC,"1396 JACKSON, LLC"
1027634,LLC,Songchase LLC
1029720,LLC,SON LLC
1030756,LLC,"Brooke Robinson, SLP, LLC"
1030770,LLC,"Sonash Investments, LLC"
1031347,LLC,360 Painting Hendersonville
1033077,LLC,"100 Old Jefferson Street, LLC"
1033077,LLC,"100 Old Jefferson Street, LLC"
1033241,LLC,"135 Jefferson, LLC"
1033929,RN,Anderson Services
1034224,LLC,"211 Jackson Street, LLC"
1034224,LLC,"211 Jackson Street, LLC"
1034350,NCORP,"562 Stevenson Street Homeowners Association, Inc"
1034350,NCORP,"562 Stevenson Street Homeowners Association, Inc"
1034994,LLC,1511 JACKSON LLC
1035974,LLC,"Adamson Consulting Enterprises, LLC"
1036343,LLC,21ST CENTURY PERSONNEL LLC
1036641,CORP,BELL & SONS DISTRIBUTION COMPANY
1037738,LLC,ANDERSON SERVICES LLC
1038083,LLC,"1201 Jackson, LLC"
1038502,LLC,641 Morrison Springs LLC
1038502,LLC,641 Morrison Springs LLC
1040217,LLC,Addison And Stone Luxury Rentals LLC
1041283,NCORP,901 Parkinson's Fighters
1041283,NCORP,901 Parkinson's Fighters
1041628,LLC,Ace & Son Detailing LLC
1042053,LLC,"All Seasons Storage, LLC"
1042810,NCORP,"ADDISON AT BELLA VISTA OWNERS ASSOCIATION, INC."
1043781,LLC,"Soncem Capital Fundings, LLC"
1046337,LLC,2 Thompsons LLC
1046337,LLC,2 Thompsons LLC
1047844,CORP,Songhair Corporation
1048721,LLC,Son Set Property Management LLC
1049470,CORP,Sonic Drive-in
1050862,LLC,Big Momma and Son's LLC
1051078,LLC,A.G. Johnson LLC
1051193,LLC,Song Charity LLC
1053211,LLC,"829 Dickerson Pike, LLC"
1053376,LLC,"1119 Jefferson Street, LLC"
1053376,LLC,"1119 Jefferson Street, LLC"
1055090,LLC,3DM Hendersonville LLC
1055462,LLC,Songs & Daughters LLC
1058570,LLC,"404 James Robertson Prop, LLC"
1059272,LLC,33 Williams One LLC
1059790,LLC,Song Steps LLC
1060120,GP,Sonic Drive In Covington TN
1060549,CORP,A L Watson Real Estate Investment Inc
1060877,LLC,"1701 Dodson, LLC"
1061127,LLC,"501 MADISON PROJECT, LLC"
1061133,LLC,4 Seasons Renovations LLC
1061133,LLC,4 Seasons Renovations LLC
1061916,NCORP,515 Stevenson Street Townhomes Homeowners Association
1061916,NCORP,515 Stevenson Street Townhomes Homeowners Association
1062738,LLC,"170 Benjamin Lane Hendersonville, LLC"
1063902,LLC,1107 South Jackson LLC
1065055,LLC,Bryson Shaffer Motorsports LLC
