Entity,NameType
"A. G. EDWARDS & SONS, LLC",LEGAL
"ALBERTSONS COMPANIES SPECIALTY CARE, LLC",LEGAL
ALL SEASONS PROPERTY MAINTENANCE,LEGAL
ALL SEASONS TREE SERVICE LLC,LEGAL
"ANDERSON'S FARMS, INC.",LEGAL
ANSON MADISON STARKS EMERGENCY SERVICES INC.,LEGAL
"ANSON STREET ASSOCIATES, LP",LEGAL
"ANTHONY & SONS, INC.",LEGAL
"ATKINSON SEASONED FIREWOOD, LLC",LEGAL
"BATHGATE & SONS, INC.",LEGAL
"CAIAZZO & SONS PLUMBING, INC.",LEGAL
"CAM RICHARDS & SONS TRUCKING, LLC",LEGAL
CLARKE & SONS MUNICIPAL SERVICES LLC,LEGAL
COOKSON'S COLLISION CENTER,LEGAL
"DAVIDSON SEAFOODS, INC.",LEGAL
"DICKINSON'S CAFE, LLC",LEGAL
"DONOVAN & SONS, INC.",LEGAL
"DOUGLASS & SONS, INC.",LEGAL
"DUFOUR & SONS CONSTRUCTION, INC.",LEGAL
"DWINAL POND 4 SEASONS CLUB, INC.",LEGAL
"EARL TOLMAN & SONS, INC.",LEGAL
EAST PARSONSFIELD CEMETERY CORPORATION,LEGAL
"F. E. WOOD & SONS, INC.",LEGAL
"FALLA & SONS LAND SURVEYS, INC.",LEGAL
"FIRST MADISON SERVICES, INC.",LEGAL
"FOUR SEASON'S BINGO, INC.",LEGAL
FOUR SEASONS LANDSCAPING & PROPERTY MAINTENANCE LLC,LEGAL
FOUR SEASONS ROD & GUN CLUB,LEGAL
"G.S. MERRILL & SONS, LLC",LEGAL
HARRISON SHRADER - GOULD LLC,LEGAL
"J. W. PENNEY & SONS, COMPANY",LEGAL
"JACKSONS ASSOCIATES, INC.",LEGAL
"JASON'S MOBIL, INC.",LEGAL
"JAZZPER & SONS, INC.",LEGAL
JEFFERSON SNOPACKERS INC.,LEGAL
JOEY BARD AND SONS,LEGAL
"JOHNSON'S BOATYARD, LLC",LEGAL
"JOHNSON'S BURNER SERVICE, INC.",LEGAL
"KEITH VEILLEUX & SONS HARDWOOD FLOORS, LLC",LEGAL
"KELLERMEYER BERGENSONS SERVICES, LLC",LEGAL
"KNUDSON'S INSTALLATIONS, LLC",LEGAL
"LANDEEN & SONS ENTERPRISES, LLC",LEGAL
"LAWSON SOFTWARE AMERICAS, INC.",LEGAL
LEBANON LODGE OF FREE AND ACCEPTED MASONS,LEGAL
"LYMAN & SONS, LLC",LEGAL
"M & R BUILDERS & SONS, INC.",LEGAL
"MADISON'S, INC.",LEGAL
MAINE ASSOCIATION OF HANDICAPPED PERSONS,LEGAL
MARCOTTE SONS HOLDINGS LLC,LEGAL
MARTELL & SONS,LEGAL
"MCGEE AND SONS, LLC.",LEGAL
MCKESSON SPECIALTY ARIZONA INC.,LEGAL
MCKESSON SPECIALTY CARE DISTRIBUTION LLC,LEGAL
"MORRISON'S LOBSTERS, LLC",LEGAL
"MT. JEFFERSON SKI AREA, LLC",LEGAL
"NELSON & SMALL ENERGY CONSERVATION PRODUCTS, INC.",LEGAL
"NORTH SPORTS FOUR SEASONS, INC.",LEGAL
"OLSON'S CLASSIC PAINTING, INC.",LEGAL
PARSONS TRANSPORATION GROUP INC.,LEGAL
"PARSONS ENTERPRISES, INC.",LEGAL
PARSONS ENVIRONMENT & INFRASTRUCTURE GROUP INC.,LEGAL
PARSONS GOVERNMENT SERVICES INC.,LEGAL
"PARSONS MAIN, INC.",LEGAL
PARSONS REAL ESTATE LLC,LEGAL
PARSONS TECHNICAL SERVICES INC.,LEGAL
"PAUL MASON & SONS, INC.",LEGAL
PHILLIPS & SONS CARPENTRY LLC,LEGAL
"POISSON & SONS AUTO CARE CENTER, INC.",LEGAL
"PRATT & SONS BUILDERS, LLC",LEGAL
"R. W. BOWDEN & SONS, LLC",LEGAL
"R.F. JORDAN & SONS CONSTRUCTION, INC",LEGAL
R.J. PHILBROOK & SONS,LEGAL
"RAY LABBE & SONS, INC.",LEGAL
"ROBERT A. ATKINSON & SONS TRUCKING, LOGGING AND CHIPPING, INC.",LEGAL
"RON COMEAU & SONS, INC.",LEGAL
"S.D. CHILDS & SONS EXCAVATION, INC.",LEGAL
"S.G. & SONS, INC.",LEGAL
"SARAH & SONS REAL ESTATE, INC.",LEGAL
"SARAH & SONS RESTAURANT, INC.",LEGAL
"SEASON'S END GREENHOUSES, LLC",LEGAL
"SEASONS COUNSELING SERVICES, P.A.",LEGAL
"SIMPSON & SIMPSON, INC.",LEGAL
"STETSON SHORES CAMPGROUND, LLC",LEGAL
"STINSON SEAFOOD (2001), INC.",LEGAL
"TAKELESSONS, INC.",LEGAL
TAYLOR & SONS TRUCKING,LEGAL
THE ALBERTSONS COMPANIES FOUNDATION,LEGAL
THE ANDERSON STREET CONDOMINIUM ASSOCIATION,LEGAL
"THE NELSONS GROUP, LLC",LEGAL
THOMPSON SHEDS LLC,LEGAL
TRUSTEE OF THE PARSONSFIELD SEMINARY,LEGAL
"VAUGHN THIBODEAU AND SONS, INC.",LEGAL
"W. S. BOYD & SONS, INC.",LEGAL
WATSON'S HARDWARE,LEGAL
"WESTON & SAMPSON SERVICES, INC.",LEGAL
"WIDOWS SONS MASONIC MOTORCYCLE RIDERS ASSOCIATION, MEN OF TYRE, THE NORTHERN ME. CHAPTER",LEGAL
"WILSON STREAM FARM, INC.",LEGAL
WILSON STREAM MANAGEMENT LLC,LEGAL
"WOODWARD & SONS TRUCKING, INC.",LEGAL
WORLEYPARSONS GROUP INC.,LEGAL
"5 SEASON CONNECTIONS, INC.",LEGAL
A.G.A. CORREA & SON LIMITED PARTNERSHIP,LEGAL
"A.H. JOHNSON, INC.",LEGAL
ALL SEASONS PROPERTY MAINTENANCE,LEGAL
"AMES PERSONNEL SERVICES, INC.",LEGAL
"ANDERSON, ALEX & ASSOCIATES, LLC",LEGAL
"ARISON INSURANCE SERVICES, INC.",LEGAL
"ASTENJOHNSON, INC.",LEGAL
"BEECHER CARLSON INSURANCE AGENCY, LLC",LEGAL
"BISSON TRANSPORTATION, INC.",LEGAL
"BRONSON ENTERPRISES, INC.",LEGAL
"CALEB JOHNSON ARCHITECTS, P.A.",LEGAL
"CASCO MASONRY, LLC",LEGAL
"CHASE MANHATTAN PERSONAL FINANCIAL SERVICES, INC.",LEGAL
"CORSON & BLAISDELL, P.A.",LEGAL
"COUNTRY INN & SUITES BY RADISSON, INC.",LEGAL
"CRAIG L. WILLIAMSON, P.A., LLC",LEGAL
"DAVID A. JEFFERSON, D.V.M., P.A.",LEGAL
DUNHAM-HANSON CO.,LEGAL
"EARL TOLMAN & SONS, INC.",LEGAL
"EDMONDSON HEARING SOLUTIONS, INC.",LEGAL
"EMERSON & ASSOCIATES, CERTIFIED PUBLIC ACCOUNTANTS",LEGAL
EMERSON AUTOMATION SOLUTIONS FINAL CONTROL US LP,LEGAL
"EMERSON CHEVROLET BUICK, INC.",LEGAL
"ERIC JOHNSON PROFESSIONAL SERVICES, LLC",LEGAL
"ERLANDSON WIND-UP, INC.",LEGAL
"EVERETT JOHNSON TRADING, INC.",LEGAL
"FALLA & SONS LAND SURVEYS, INC.",LEGAL
"FOUR SEASON'S BINGO, INC.",LEGAL
"GLEASON CUSTOM SCREEN PRINTING, INC.",LEGAL
GOLDEN AND WILSON,LEGAL
"GRAYSON ENTERPRISES, LLC",LEGAL
HARBISON-WALKER REFRACTORIES COMPANY,LEGAL
"HOPKINSON & ABBONDANZA, P.A.",LEGAL
HUDSON REALTY CO. INC.,LEGAL
"ISAACSON & RAYMOND, P.A.",LEGAL
"JAMESON MORTGAGE PROTECTION GROUP, INC.",LEGAL
JEFFERSON PILOT SECURITIES CORPORATION,LEGAL
JEFFERSON SNOPACKERS INC.,LEGAL
JOHNSON CONTROLS SECURITY SOLUTIONS LLC,LEGAL
"JOHNSON FAMILY PROPERTIES, INC.",LEGAL
JOHNSON OUTDOORS WATERCRAFT INC.,LEGAL
"JOHNSON PROPERTIES, INC.",LEGAL
"JOHNSON, WEBBERT & YOUNG, LLP",LEGAL
"LAWSON PROPERTY SERVICES, INC.",LEGAL
"LENARDSON GROUP, LLC",LEGAL
"LEVENSON VICKERSON, P.A.",LEGAL
"LOWD/RICHARDSON GROUP, INC.",LEGAL
"M & R BUILDERS & SONS, INC.",LEGAL
MARK STIMSON INSURANCE AGENCY,LEGAL
MASONIC TEMPLE CORP.,LEGAL
MCKESSON CORPORATION,LEGAL
MCKESSON HEALTH SOLUTIONS HOLDINGS LLC,LEGAL
MCKESSON INFORMATION SOLUTIONS LLC,LEGAL
MCKESSON MEDICAL-SURGICAL INC.,LEGAL
MCKESSON MEDICAL-SURGICAL MAINE INC.,LEGAL
MCKESSON SPECIALTY ARIZONA INC.,LEGAL
MONKS O'NEIL DEVELOPMENT CORP.,LEGAL
MONSON ENTERPRISES INC.,LEGAL
MORRISON CENTER,LEGAL
NASON REALTY INC.,LEGAL
"NEW ENGLAND DETROIT DIESEL-ALLISON, INC.",LEGAL
NICKERSON TECHNOLOGIES INC.,LEGAL
NORTH ANSON REEL COMPANY,LEGAL
"OLD JACKSON FAMILY FARMS, LLC",LEGAL
"P&G MASONRY RESTORATION, INC.",LEGAL
PARSONS TRANSPORATION GROUP INC.,LEGAL
PARSONS ENVIRONMENT & INFRASTRUCTURE GROUP INC.,LEGAL
"PAYSON FINANCIAL SERVICES, INC.",LEGAL
"PERKINS THOMPSON, P.A.",LEGAL
"POTTER, PRESCOTT, JAMIESON & NELSON, P.A.",LEGAL
"PRESCOTT JAMIESON MURPHY LAW GROUP, LLC",LEGAL
"PRESCOTT LEMOINE JAMIESON & NELSON TRANSITION, P.A.",LEGAL
"R.F. JORDAN & SONS CONSTRUCTION, INC",LEGAL
R.L. ADAMS & SON CONSTRUCTION INC.,LEGAL
ROBINSON BALLET,LEGAL
"ROBINSON, KRIGER & MCCALLUM, P.A.",LEGAL
"RON COMEAU & SONS, INC.",LEGAL
"SAMSONITE COMPANY STORES, LLC",LEGAL
"SEASON TEN, LLC",LEGAL
"SEASONAL CONCEPTS, INC.",LEGAL
SONANTRANS LTD.,LEGAL
SONY CREATIVE SOFTWARE INC.,LEGAL
"SOUTH SONG, LLC",LEGAL
"ST. LAURENT & SON, INC.",LEGAL
"STINSON SEAFOOD (2001), INC.",LEGAL
"STINSON, LUPTON & GABREE, P.A.",LEGAL
TAYLOR & SONS TRUCKING,LEGAL
THE HARRISON VILLAGE LIBRARY,LEGAL
"THOMPSON HILL SAND & GRAVEL, LLC",LEGAL
"THOMPSON MACCOLL & BASS, LLC, P.A.",LEGAL
THOMSON REUTERS (SCIENTIFIC) INC.,LEGAL
"TIMSON & ASSOCIATES, INC.",LEGAL
"TJACKSON, INC.",LEGAL
TOWERS WATSON PENNSYLVANIA INC.,LEGAL
"UNIQUE SEASONINGS, LLC",LEGAL
"W. S. BOYD & SONS, INC.",LEGAL
"WILLIAMSON REMODELING, INC.",LEGAL
WILLIS TOWERS WATSON US LLC,LEGAL
"WILSON 5 SERVICE COMPANY, INC.",LEGAL
